series,date,sector,value
abs,2015-01-01,p0,1176941
abs,2015-01-01,p1,97539
abs,2015-01-01,p1.1,63852
abs,2015-01-01,p1.1.1,3348
abs,2015-01-01,p1.1.2,37853
abs,2015-01-01,p1.1.3,2205
abs,2015-01-01,p1.1.4,9541
abs,2015-01-01,p1.1.5,4155
abs,2015-01-01,p1.1.6,5718
abs,2015-01-01,p1.1.7,1032
abs,2015-01-01,p1.2,12694
abs,2015-01-01,p1.2.1,7683
abs,2015-01-01,p1.2.2,1058
abs,2015-01-01,p1.2.3,3953
abs,2015-01-01,p1.3,8810
abs,2015-01-01,p1.4,12181
abs,2015-01-01,p1.4.1,8007
abs,2015-01-01,p1.4.2,4175
abs,2015-01-01,p2,103059
abs,2015-01-01,p2.1,46526
abs,2015-01-01,p2.2,49119
abs,2015-01-01,p2.3,7414
abs,2015-01-01,p3,262379
abs,2015-01-01,p3.1,32738
abs,2015-01-01,p3.1.1,11713
abs,2015-01-01,p3.1.2,13428
abs,2015-01-01,p3.1.3,4152
abs,2015-01-01,p3.1.4,3445
abs,2015-01-01,p3.2,4923
abs,2015-01-01,p3.2.1,4296
abs,2015-01-01,p3.2.2,627
abs,2015-01-01,p3.3,13858
abs,2015-01-01,p3.3.1,6471
abs,2015-01-01,p3.3.2,3895
abs,2015-01-01,p3.3.3,3492
abs,2015-01-01,p3.4,78307
abs,2015-01-01,p3.4.1,34341
abs,2015-01-01,p3.4.2,28572
abs,2015-01-01,p3.4.3,6415
abs,2015-01-01,p3.4.4,8979
abs,2015-01-01,p3.5,31572
abs,2015-01-01,p3.5.1,10321
abs,2015-01-01,p3.5.2,7311
abs,2015-01-01,p3.5.3,13940
abs,2015-01-01,p3.6,70245
abs,2015-01-01,p3.6.1,8294
abs,2015-01-01,p3.6.2,5388
abs,2015-01-01,p3.6.3,5294
abs,2015-01-01,p3.6.4,46698
abs,2015-01-01,p3.6.5,4571
abs,2015-01-01,p3.7,30738
abs,2015-01-01,p3.7.1,23066
abs,2015-01-01,p3.7.2,3927
abs,2015-01-01,p3.7.3,3745
abs,2015-01-01,p4,55382
abs,2015-01-01,p4.1,30606
abs,2015-01-01,p4.1.1,15246
abs,2015-01-01,p4.1.2,15360
abs,2015-01-01,p4.2,15373
abs,2015-01-01,p4.3,9402
abs,2015-01-01,p5,643883
abs,2015-01-01,p5.1,136070
abs,2015-01-01,p5.1.1,25774
abs,2015-01-01,p5.1.2,5936
abs,2015-01-01,p5.1.3,42057
abs,2015-01-01,p5.1.3.1,10246
abs,2015-01-01,p5.1.3.2,6081
abs,2015-01-01,p5.1.3.3,5734
abs,2015-01-01,p5.1.3.4,5817
abs,2015-01-01,p5.1.3.5,6100
abs,2015-01-01,p5.1.3.6,6320
abs,2015-01-01,p5.1.3.7,1759
abs,2015-01-01,p5.1.4,62303
abs,2015-01-01,p5.1.4.1,6646
abs,2015-01-01,p5.1.4.2,40999
abs,2015-01-01,p5.1.4.3,14657
abs,2015-01-01,p5.2,220242
abs,2015-01-01,p5.2.1,184023
abs,2015-01-01,p5.2.1.1,82183
abs,2015-01-01,p5.2.1.2,78555
abs,2015-01-01,p5.2.1.3,23285
abs,2015-01-01,p5.2.2,28352
abs,2015-01-01,p5.2.3,7867
abs,2015-01-01,p5.3,130064
abs,2015-01-01,p5.3.1,60018
abs,2015-01-01,p5.3.1.1,50787
abs,2015-01-01,p5.3.1.2,9231
abs,2015-01-01,p5.3.2,18616
abs,2015-01-01,p5.3.2.1,18028
abs,2015-01-01,p5.3.2.2,587
abs,2015-01-01,p5.3.3,17561
abs,2015-01-01,p5.3.4,33869
abs,2015-01-01,p5.3.4.1,22928
abs,2015-01-01,p5.3.4.2,10942
abs,2015-01-01,p5.4,57724
abs,2015-01-01,p5.4.1,8028
abs,2015-01-01,p5.4.2,9233
abs,2015-01-01,p5.4.3,26271
abs,2015-01-01,p5.4.4,320
abs,2015-01-01,p5.4.5,1165
abs,2015-01-01,p5.4.6,12707
abs,2015-01-01,p5.5,99783
abs,2015-01-01,p5.5.01,16180
abs,2015-01-01,p5.5.02,8723
abs,2015-01-01,p5.5.03,10246
abs,2015-01-01,p5.5.04,8226
abs,2015-01-01,p5.5.05,367
abs,2015-01-01,p5.5.06,1247
abs,2015-01-01,p5.5.07,13131
abs,2015-01-01,p5.5.08,1809
abs,2015-01-01,p5.5.09,38728
abs,2015-01-01,p5.5.10,1126
abs,2015-01-01,p6,14699
abs,2016-01-01,p0,1249698
abs,2016-01-01,p1,105756
abs,2016-01-01,p1.1,70157
abs,2016-01-01,p1.1.1,3548
abs,2016-01-01,p1.1.2,42767
abs,2016-01-01,p1.1.3,2246
abs,2016-01-01,p1.1.4,10056
abs,2016-01-01,p1.1.5,4378
abs,2016-01-01,p1.1.6,6198
abs,2016-01-01,p1.1.7,964
abs,2016-01-01,p1.2,13726
abs,2016-01-01,p1.2.1,8588
abs,2016-01-01,p1.2.2,1101
abs,2016-01-01,p1.2.3,4037
abs,2016-01-01,p1.3,9246
abs,2016-01-01,p1.4,12627
abs,2016-01-01,p1.4.1,8528
abs,2016-01-01,p1.4.2,4099
abs,2016-01-01,p2,103959
abs,2016-01-01,p2.1,46023
abs,2016-01-01,p2.2,49722
abs,2016-01-01,p2.3,8214
abs,2016-01-01,p3,272396
abs,2016-01-01,p3.1,34674
abs,2016-01-01,p3.1.1,12046
abs,2016-01-01,p3.1.2,14508
abs,2016-01-01,p3.1.3,4564
abs,2016-01-01,p3.1.4,3556
abs,2016-01-01,p3.2,5320
abs,2016-01-01,p3.2.1,4588
abs,2016-01-01,p3.2.2,732
abs,2016-01-01,p3.3,14964
abs,2016-01-01,p3.3.1,6954
abs,2016-01-01,p3.3.2,4195
abs,2016-01-01,p3.3.3,3815
abs,2016-01-01,p3.4,78151
abs,2016-01-01,p3.4.1,32404
abs,2016-01-01,p3.4.2,29649
abs,2016-01-01,p3.4.3,6659
abs,2016-01-01,p3.4.4,9439
abs,2016-01-01,p3.5,33198
abs,2016-01-01,p3.5.1,10999
abs,2016-01-01,p3.5.2,7472
abs,2016-01-01,p3.5.3,14727
abs,2016-01-01,p3.6,75577
abs,2016-01-01,p3.6.1,8759
abs,2016-01-01,p3.6.2,5601
abs,2016-01-01,p3.6.3,5541
abs,2016-01-01,p3.6.4,50695
abs,2016-01-01,p3.6.5,4981
abs,2016-01-01,p3.7,30514
abs,2016-01-01,p3.7.1,22362
abs,2016-01-01,p3.7.2,4288
abs,2016-01-01,p3.7.3,3864
abs,2016-01-01,p4,61089
abs,2016-01-01,p4.1,32641
abs,2016-01-01,p4.1.1,17027
abs,2016-01-01,p4.1.2,15614
abs,2016-01-01,p4.2,18210
abs,2016-01-01,p4.3,10238
abs,2016-01-01,p5,689969
abs,2016-01-01,p5.1,146447
abs,2016-01-01,p5.1.1,26953
abs,2016-01-01,p5.1.2,6530
abs,2016-01-01,p5.1.3,45234
abs,2016-01-01,p5.1.3.1,11159
abs,2016-01-01,p5.1.3.2,6211
abs,2016-01-01,p5.1.3.3,5993
abs,2016-01-01,p5.1.3.4,6381
abs,2016-01-01,p5.1.3.5,6707
abs,2016-01-01,p5.1.3.6,6874
abs,2016-01-01,p5.1.3.7,1909
abs,2016-01-01,p5.1.4,67730
abs,2016-01-01,p5.1.4.1,7017
abs,2016-01-01,p5.1.4.2,45077
abs,2016-01-01,p5.1.4.3,15636
abs,2016-01-01,p5.2,238308
abs,2016-01-01,p5.2.1,198155
abs,2016-01-01,p5.2.1.1,88360
abs,2016-01-01,p5.2.1.2,86686
abs,2016-01-01,p5.2.1.3,23108
abs,2016-01-01,p5.2.2,31745
abs,2016-01-01,p5.2.3,8408
abs,2016-01-01,p5.3,137532
abs,2016-01-01,p5.3.1,61507
abs,2016-01-01,p5.3.1.1,52023
abs,2016-01-01,p5.3.1.2,9484
abs,2016-01-01,p5.3.2,19950
abs,2016-01-01,p5.3.2.1,19333
abs,2016-01-01,p5.3.2.2,617
abs,2016-01-01,p5.3.3,18974
abs,2016-01-01,p5.3.4,37101
abs,2016-01-01,p5.3.4.1,25089
abs,2016-01-01,p5.3.4.2,12011
abs,2016-01-01,p5.4,61460
abs,2016-01-01,p5.4.1,8774
abs,2016-01-01,p5.4.2,10029
abs,2016-01-01,p5.4.3,27726
abs,2016-01-01,p5.4.4,334
abs,2016-01-01,p5.4.5,1223
abs,2016-01-01,p5.4.6,13374
abs,2016-01-01,p5.5,106221
abs,2016-01-01,p5.5.01,16985
abs,2016-01-01,p5.5.02,8879
abs,2016-01-01,p5.5.03,10092
abs,2016-01-01,p5.5.04,8800
abs,2016-01-01,p5.5.05,372
abs,2016-01-01,p5.5.06,1507
abs,2016-01-01,p5.5.07,14870
abs,2016-01-01,p5.5.08,1839
abs,2016-01-01,p5.5.09,41716
abs,2016-01-01,p5.5.10,1162
abs,2016-01-01,p6,16529
abs,2017-01-01,p0,1372310
abs,2017-01-01,p1,117995
abs,2017-01-01,p1.1,82183
abs,2017-01-01,p1.1.1,4872
abs,2017-01-01,p1.1.2,51240
abs,2017-01-01,p1.1.3,2225
abs,2017-01-01,p1.1.4,10702
abs,2017-01-01,p1.1.5,5381
abs,2017-01-01,p1.1.6,6704
abs,2017-01-01,p1.1.7,1059
abs,2017-01-01,p1.2,14966
abs,2017-01-01,p1.2.1,9414
abs,2017-01-01,p1.2.2,1159
abs,2017-01-01,p1.2.3,4393
abs,2017-01-01,p1.3,7819
abs,2017-01-01,p1.4,13027
abs,2017-01-01,p1.4.1,8716
abs,2017-01-01,p1.4.2,4312
abs,2017-01-01,p2,121326
abs,2017-01-01,p2.1,58254
abs,2017-01-01,p2.2,53908
abs,2017-01-01,p2.3,9164
abs,2017-01-01,p3,299797
abs,2017-01-01,p3.1,39079
abs,2017-01-01,p3.1.1,15069
abs,2017-01-01,p3.1.2,15412
abs,2017-01-01,p3.1.3,4959
abs,2017-01-01,p3.1.4,3639
abs,2017-01-01,p3.2,5658
abs,2017-01-01,p3.2.1,4926
abs,2017-01-01,p3.2.2,732
abs,2017-01-01,p3.3,15946
abs,2017-01-01,p3.3.1,7291
abs,2017-01-01,p3.3.2,4641
abs,2017-01-01,p3.3.3,4014
abs,2017-01-01,p3.4,89127
abs,2017-01-01,p3.4.1,39791
abs,2017-01-01,p3.4.2,31888
abs,2017-01-01,p3.4.3,7576
abs,2017-01-01,p3.4.4,9872
abs,2017-01-01,p3.5,35496
abs,2017-01-01,p3.5.1,11425
abs,2017-01-01,p3.5.2,8318
abs,2017-01-01,p3.5.3,15753
abs,2017-01-01,p3.6,81288
abs,2017-01-01,p3.6.1,9204
abs,2017-01-01,p3.6.2,5211
abs,2017-01-01,p3.6.3,6464
abs,2017-01-01,p3.6.4,55389
abs,2017-01-01,p3.6.5,5020
abs,2017-01-01,p3.7,33202
abs,2017-01-01,p3.7.1,24416
abs,2017-01-01,p3.7.2,4571
abs,2017-01-01,p3.7.3,4215
abs,2017-01-01,p4,66552
abs,2017-01-01,p4.1,34010
abs,2017-01-01,p4.1.1,17701
abs,2017-01-01,p4.1.2,16309
abs,2017-01-01,p4.2,21336
abs,2017-01-01,p4.3,11206
abs,2017-01-01,p5,747360
abs,2017-01-01,p5.1,158202
abs,2017-01-01,p5.1.1,28225
abs,2017-01-01,p5.1.2,7152
abs,2017-01-01,p5.1.3,48786
abs,2017-01-01,p5.1.3.1,12157
abs,2017-01-01,p5.1.3.2,6374
abs,2017-01-01,p5.1.3.3,6276
abs,2017-01-01,p5.1.3.4,7050
abs,2017-01-01,p5.1.3.5,7293
abs,2017-01-01,p5.1.3.6,7526
abs,2017-01-01,p5.1.3.7,2111
abs,2017-01-01,p5.1.4,74039
abs,2017-01-01,p5.1.4.1,7701
abs,2017-01-01,p5.1.4.2,49502
abs,2017-01-01,p5.1.4.3,16836
abs,2017-01-01,p5.2,263057
abs,2017-01-01,p5.2.1,218318
abs,2017-01-01,p5.2.1.1,96980
abs,2017-01-01,p5.2.1.2,97497
abs,2017-01-01,p5.2.1.3,23841
abs,2017-01-01,p5.2.2,35702
abs,2017-01-01,p5.2.3,9037
abs,2017-01-01,p5.3,147633
abs,2017-01-01,p5.3.1,65511
abs,2017-01-01,p5.3.1.1,54989
abs,2017-01-01,p5.3.1.2,10522
abs,2017-01-01,p5.3.2,20755
abs,2017-01-01,p5.3.2.1,20129
abs,2017-01-01,p5.3.2.2,626
abs,2017-01-01,p5.3.3,20608
abs,2017-01-01,p5.3.4,40759
abs,2017-01-01,p5.3.4.1,27748
abs,2017-01-01,p5.3.4.2,13011
abs,2017-01-01,p5.4,65593
abs,2017-01-01,p5.4.1,9628
abs,2017-01-01,p5.4.2,10882
abs,2017-01-01,p5.4.3,29325
abs,2017-01-01,p5.4.4,353
abs,2017-01-01,p5.4.5,1292
abs,2017-01-01,p5.4.6,14113
abs,2017-01-01,p5.5,112874
abs,2017-01-01,p5.5.01,16341
abs,2017-01-01,p5.5.02,9286
abs,2017-01-01,p5.5.03,10634
abs,2017-01-01,p5.5.04,9627
abs,2017-01-01,p5.5.05,407
abs,2017-01-01,p5.5.06,1912
abs,2017-01-01,p5.5.07,16275
abs,2017-01-01,p5.5.08,2123
abs,2017-01-01,p5.5.09,44891
abs,2017-01-01,p5.5.10,1376
abs,2017-01-01,p6,19280
abs,2018-01-01,p0,1447760
abs,2018-01-01,p1,108757
abs,2018-01-01,p1.1,71329
abs,2018-01-01,p1.1.1,2894
abs,2018-01-01,p1.1.2,42033
abs,2018-01-01,p1.1.3,2407
abs,2018-01-01,p1.1.4,10982
abs,2018-01-01,p1.1.5,5235
abs,2018-01-01,p1.1.6,6676
abs,2018-01-01,p1.1.7,1102
abs,2018-01-01,p1.2,15828
abs,2018-01-01,p1.2.1,9685
abs,2018-01-01,p1.2.2,1220
abs,2018-01-01,p1.2.3,4924
abs,2018-01-01,p1.3,7928
abs,2018-01-01,p1.4,13672
abs,2018-01-01,p1.4.1,8646
abs,2018-01-01,p1.4.2,5026
abs,2018-01-01,p2,134833
abs,2018-01-01,p2.1,70800
abs,2018-01-01,p2.2,54290
abs,2018-01-01,p2.3,9743
abs,2018-01-01,p3,311676
abs,2018-01-01,p3.1,38480
abs,2018-01-01,p3.1.1,13156
abs,2018-01-01,p3.1.2,16515
abs,2018-01-01,p3.1.3,5088
abs,2018-01-01,p3.1.4,3721
abs,2018-01-01,p3.2,5810
abs,2018-01-01,p3.2.1,5060
abs,2018-01-01,p3.2.2,750
abs,2018-01-01,p3.3,16691
abs,2018-01-01,p3.3.1,7737
abs,2018-01-01,p3.3.2,4898
abs,2018-01-01,p3.3.3,4056
abs,2018-01-01,p3.4,97040
abs,2018-01-01,p3.4.1,45228
abs,2018-01-01,p3.4.2,33614
abs,2018-01-01,p3.4.3,7930
abs,2018-01-01,p3.4.4,10268
abs,2018-01-01,p3.5,37592
abs,2018-01-01,p3.5.1,11913
abs,2018-01-01,p3.5.2,9070
abs,2018-01-01,p3.5.3,16609
abs,2018-01-01,p3.6,83357
abs,2018-01-01,p3.6.1,9612
abs,2018-01-01,p3.6.2,5292
abs,2018-01-01,p3.6.3,6613
abs,2018-01-01,p3.6.4,56773
abs,2018-01-01,p3.6.5,5067
abs,2018-01-01,p3.7,32703
abs,2018-01-01,p3.7.1,23674
abs,2018-01-01,p3.7.2,4611
abs,2018-01-01,p3.7.3,4418
abs,2018-01-01,p4,70048
abs,2018-01-01,p4.1,32523
abs,2018-01-01,p4.1.1,16407
abs,2018-01-01,p4.1.2,16116
abs,2018-01-01,p4.2,25279
abs,2018-01-01,p4.3,12247
abs,2018-01-01,p5,804993
abs,2018-01-01,p5.1,170877
abs,2018-01-01,p5.1.1,30102
abs,2018-01-01,p5.1.2,7709
abs,2018-01-01,p5.1.3,52707
abs,2018-01-01,p5.1.3.1,13247
abs,2018-01-01,p5.1.3.2,6600
abs,2018-01-01,p5.1.3.3,6530
abs,2018-01-01,p5.1.3.4,7804
abs,2018-01-01,p5.1.3.5,7908
abs,2018-01-01,p5.1.3.6,8278
abs,2018-01-01,p5.1.3.7,2339
abs,2018-01-01,p5.1.4,80359
abs,2018-01-01,p5.1.4.1,8156
abs,2018-01-01,p5.1.4.2,53959
abs,2018-01-01,p5.1.4.3,18244
abs,2018-01-01,p5.2,287573
abs,2018-01-01,p5.2.1,237239
abs,2018-01-01,p5.2.1.1,104884
abs,2018-01-01,p5.2.1.2,107690
abs,2018-01-01,p5.2.1.3,24665
abs,2018-01-01,p5.2.2,40596
abs,2018-01-01,p5.2.3,9738
abs,2018-01-01,p5.3,158175
abs,2018-01-01,p5.3.1,68190
abs,2018-01-01,p5.3.1.1,57487
abs,2018-01-01,p5.3.1.2,10703
abs,2018-01-01,p5.3.2,22765
abs,2018-01-01,p5.3.2.1,22129
abs,2018-01-01,p5.3.2.2,635
abs,2018-01-01,p5.3.3,22293
abs,2018-01-01,p5.3.4,44927
abs,2018-01-01,p5.3.4.1,30824
abs,2018-01-01,p5.3.4.2,14103
abs,2018-01-01,p5.4,70145
abs,2018-01-01,p5.4.1,10541
abs,2018-01-01,p5.4.2,11708
abs,2018-01-01,p5.4.3,30978
abs,2018-01-01,p5.4.4,370
abs,2018-01-01,p5.4.5,1367
abs,2018-01-01,p5.4.6,15181
abs,2018-01-01,p5.5,118224
abs,2018-01-01,p5.5.01,15151
abs,2018-01-01,p5.5.02,8139
abs,2018-01-01,p5.5.03,10741
abs,2018-01-01,p5.5.04,14819
abs,2018-01-01,p5.5.05,331
abs,2018-01-01,p5.5.06,2480
abs,2018-01-01,p5.5.07,17058
abs,2018-01-01,p5.5.08,1760
abs,2018-01-01,p5.5.09,45581
abs,2018-01-01,p5.5.10,2163
abs,2018-01-01,p6,17453
abs,2019-01-01,p0,1512738
abs,2019-01-01,p1,109542
abs,2019-01-01,p1.1,71008
abs,2019-01-01,p1.1.1,3324
abs,2019-01-01,p1.1.2,40131
abs,2019-01-01,p1.1.3,2427
abs,2019-01-01,p1.1.4,11500
abs,2019-01-01,p1.1.5,5400
abs,2019-01-01,p1.1.6,7113
abs,2019-01-01,p1.1.7,1113
abs,2019-01-01,p1.2,17204
abs,2019-01-01,p1.2.1,10564
abs,2019-01-01,p1.2.2,1306
abs,2019-01-01,p1.2.3,5334
abs,2019-01-01,p1.3,7564
abs,2019-01-01,p1.4,13766
abs,2019-01-01,p1.4.1,8687
abs,2019-01-01,p1.4.2,5079
abs,2019-01-01,p2,131084
abs,2019-01-01,p2.1,64285
abs,2019-01-01,p2.2,56035
abs,2019-01-01,p2.3,10764
abs,2019-01-01,p3,323862
abs,2019-01-01,p3.1,39369
abs,2019-01-01,p3.1.1,12131
abs,2019-01-01,p3.1.2,18061
abs,2019-01-01,p3.1.3,5269
abs,2019-01-01,p3.1.4,3908
abs,2019-01-01,p3.2,6111
abs,2019-01-01,p3.2.1,5285
abs,2019-01-01,p3.2.2,826
abs,2019-01-01,p3.3,17662
abs,2019-01-01,p3.3.1,8167
abs,2019-01-01,p3.3.2,5098
abs,2019-01-01,p3.3.3,4397
abs,2019-01-01,p3.4,100042
abs,2019-01-01,p3.4.1,47481
abs,2019-01-01,p3.4.2,33483
abs,2019-01-01,p3.4.3,8513
abs,2019-01-01,p3.4.4,10565
abs,2019-01-01,p3.5,38814
abs,2019-01-01,p3.5.1,12458
abs,2019-01-01,p3.5.2,9274
abs,2019-01-01,p3.5.3,17082
abs,2019-01-01,p3.6,87371
abs,2019-01-01,p3.6.1,9857
abs,2019-01-01,p3.6.2,5704
abs,2019-01-01,p3.6.3,6857
abs,2019-01-01,p3.6.4,59981
abs,2019-01-01,p3.6.5,4972
abs,2019-01-01,p3.7,34493
abs,2019-01-01,p3.7.1,24808
abs,2019-01-01,p3.7.2,4997
abs,2019-01-01,p3.7.3,4688
abs,2019-01-01,p4,71067
abs,2019-01-01,p4.1,30820
abs,2019-01-01,p4.1.1,15933
abs,2019-01-01,p4.1.2,14887
abs,2019-01-01,p4.2,27476
abs,2019-01-01,p4.3,12772
abs,2019-01-01,p5,860130
abs,2019-01-01,p5.1,183711
abs,2019-01-01,p5.1.1,32556
abs,2019-01-01,p5.1.2,8353
abs,2019-01-01,p5.1.3,57107
abs,2019-01-01,p5.1.3.1,14514
abs,2019-01-01,p5.1.3.2,6822
abs,2019-01-01,p5.1.3.3,6849
abs,2019-01-01,p5.1.3.4,8624
abs,2019-01-01,p5.1.3.5,8584
abs,2019-01-01,p5.1.3.6,9117
abs,2019-01-01,p5.1.3.7,2596
abs,2019-01-01,p5.1.4,85695
abs,2019-01-01,p5.1.4.1,8542
abs,2019-01-01,p5.1.4.2,57793
abs,2019-01-01,p5.1.4.3,19361
abs,2019-01-01,p5.2,310662
abs,2019-01-01,p5.2.1,253857
abs,2019-01-01,p5.2.1.1,111768
abs,2019-01-01,p5.2.1.2,116574
abs,2019-01-01,p5.2.1.3,25514
abs,2019-01-01,p5.2.2,46277
abs,2019-01-01,p5.2.3,10528
abs,2019-01-01,p5.3,168481
abs,2019-01-01,p5.3.1,70910
abs,2019-01-01,p5.3.1.1,59942
abs,2019-01-01,p5.3.1.2,10968
abs,2019-01-01,p5.3.2,24116
abs,2019-01-01,p5.3.2.1,23503
abs,2019-01-01,p5.3.2.2,613
abs,2019-01-01,p5.3.3,24104
abs,2019-01-01,p5.3.4,49351
abs,2019-01-01,p5.3.4.1,34112
abs,2019-01-01,p5.3.4.2,15239
abs,2019-01-01,p5.4,75023
abs,2019-01-01,p5.4.1,11498
abs,2019-01-01,p5.4.2,12513
abs,2019-01-01,p5.4.3,32684
abs,2019-01-01,p5.4.4,393
abs,2019-01-01,p5.4.5,1450
abs,2019-01-01,p5.4.6,16485
abs,2019-01-01,p5.5,122253
abs,2019-01-01,p5.5.01,14654
abs,2019-01-01,p5.5.02,8027
abs,2019-01-01,p5.5.03,9989
abs,2019-01-01,p5.5.04,16564
abs,2019-01-01,p5.5.05,342
abs,2019-01-01,p5.5.06,3038
abs,2019-01-01,p5.5.07,18162
abs,2019-01-01,p5.5.08,2256
abs,2019-01-01,p5.5.09,47453
abs,2019-01-01,p5.5.10,1766
abs,2019-01-01,p6,17053
abs,2020-01-01,p0,1418491
abs,2020-01-01,p1,115834
abs,2020-01-01,p1.1,80160
abs,2020-01-01,p1.1.1,2590
abs,2020-01-01,p1.1.2,50727
abs,2020-01-01,p1.1.3,2473
abs,2020-01-01,p1.1.4,12311
abs,2020-01-01,p1.1.5,5214
abs,2020-01-01,p1.1.6,5717
abs,2020-01-01,p1.1.7,1128
abs,2020-01-01,p1.2,17454
abs,2020-01-01,p1.2.1,11084
abs,2020-01-01,p1.2.2,1442
abs,2020-01-01,p1.2.3,4927
abs,2020-01-01,p1.3,6243
abs,2020-01-01,p1.4,11976
abs,2020-01-01,p1.4.1,7044
abs,2020-01-01,p1.4.2,4932
abs,2020-01-01,p2,96172
abs,2020-01-01,p2.1,39011
abs,2020-01-01,p2.2,47923
abs,2020-01-01,p2.3,9237
abs,2020-01-01,p3,315360
abs,2020-01-01,p3.1,41330
abs,2020-01-01,p3.1.1,13783
abs,2020-01-01,p3.1.2,19816
abs,2020-01-01,p3.1.3,4526
abs,2020-01-01,p3.1.4,3205
abs,2020-01-01,p3.2,5423
abs,2020-01-01,p3.2.1,4705
abs,2020-01-01,p3.2.2,718
abs,2020-01-01,p3.3,15936
abs,2020-01-01,p3.3.1,6943
abs,2020-01-01,p3.3.2,4915
abs,2020-01-01,p3.3.3,4078
abs,2020-01-01,p3.4,96757
abs,2020-01-01,p3.4.1,42119
abs,2020-01-01,p3.4.2,30668
abs,2020-01-01,p3.4.3,13334
abs,2020-01-01,p3.4.4,10636
abs,2020-01-01,p3.5,32992
abs,2020-01-01,p3.5.1,9962
abs,2020-01-01,p3.5.2,8916
abs,2020-01-01,p3.5.3,14114
abs,2020-01-01,p3.6,90955
abs,2020-01-01,p3.6.1,9612
abs,2020-01-01,p3.6.2,6072
abs,2020-01-01,p3.6.3,7172
abs,2020-01-01,p3.6.4,63395
abs,2020-01-01,p3.6.5,4704
abs,2020-01-01,p3.7,31965
abs,2020-01-01,p3.7.1,22978
abs,2020-01-01,p3.7.2,4712
abs,2020-01-01,p3.7.3,4275
abs,2020-01-01,p4,57657
abs,2020-01-01,p4.1,25964
abs,2020-01-01,p4.1.1,13377
abs,2020-01-01,p4.1.2,12587
abs,2020-01-01,p4.2,20044
abs,2020-01-01,p4.3,11650
abs,2020-01-01,p5,817713
abs,2020-01-01,p5.1,176621
abs,2020-01-01,p5.1.1,31452
abs,2020-01-01,p5.1.2,9090
abs,2020-01-01,p5.1.3,45383
abs,2020-01-01,p5.1.3.1,10780
abs,2020-01-01,p5.1.3.2,6223
abs,2020-01-01,p5.1.3.3,2334
abs,2020-01-01,p5.1.3.4,7806
abs,2020-01-01,p5.1.3.5,7390
abs,2020-01-01,p5.1.3.6,7772
abs,2020-01-01,p5.1.3.7,3078
abs,2020-01-01,p5.1.4,90696
abs,2020-01-01,p5.1.4.1,7640
abs,2020-01-01,p5.1.4.2,63025
abs,2020-01-01,p5.1.4.3,20031
abs,2020-01-01,p5.2,283558
abs,2020-01-01,p5.2.1,240527
abs,2020-01-01,p5.2.1.1,106060
abs,2020-01-01,p5.2.1.2,111500
abs,2020-01-01,p5.2.1.3,22967
abs,2020-01-01,p5.2.2,37796
abs,2020-01-01,p5.2.3,5235
abs,2020-01-01,p5.3,160818
abs,2020-01-01,p5.3.1,72344
abs,2020-01-01,p5.3.1.1,59992
abs,2020-01-01,p5.3.1.2,12352
abs,2020-01-01,p5.3.2,25298
abs,2020-01-01,p5.3.2.1,24736
abs,2020-01-01,p5.3.2.2,563
abs,2020-01-01,p5.3.3,20174
abs,2020-01-01,p5.3.4,43002
abs,2020-01-01,p5.3.4.1,31491
abs,2020-01-01,p5.3.4.2,11511
abs,2020-01-01,p5.4,68401
abs,2020-01-01,p5.4.1,11117
abs,2020-01-01,p5.4.2,11791
abs,2020-01-01,p5.4.3,34125
abs,2020-01-01,p5.4.4,480
abs,2020-01-01,p5.4.5,1308
abs,2020-01-01,p5.4.6,9580
abs,2020-01-01,p5.5,128315
abs,2020-01-01,p5.5.01,12500
abs,2020-01-01,p5.5.02,8384
abs,2020-01-01,p5.5.03,10500
abs,2020-01-01,p5.5.04,18181
abs,2020-01-01,p5.5.05,433
abs,2020-01-01,p5.5.06,4010
abs,2020-01-01,p5.5.07,20222
abs,2020-01-01,p5.5.08,2322
abs,2020-01-01,p5.5.09,48963
abs,2020-01-01,p5.5.10,2801
abs,2020-01-01,p6,15755
abs,2021-01-01,p0,1548701
abs,2021-01-01,p1,148152
abs,2021-01-01,p1.1,110146
abs,2021-01-01,p1.1.1,3125
abs,2021-01-01,p1.1.2,78219
abs,2021-01-01,p1.1.3,2551
abs,2021-01-01,p1.1.4,13717
abs,2021-01-01,p1.1.5,5361
abs,2021-01-01,p1.1.6,6021
abs,2021-01-01,p1.1.7,1152
abs,2021-01-01,p1.2,19118
abs,2021-01-01,p1.2.1,12352
abs,2021-01-01,p1.2.2,1565
abs,2021-01-01,p1.2.3,5201
abs,2021-01-01,p1.3,6615
abs,2021-01-01,p1.4,12274
abs,2021-01-01,p1.4.1,7458
abs,2021-01-01,p1.4.2,4816
abs,2021-01-01,p2,124355
abs,2021-01-01,p2.1,55325
abs,2021-01-01,p2.2,59834
abs,2021-01-01,p2.3,9195
abs,2021-01-01,p3,361826
abs,2021-01-01,p3.1,47321
abs,2021-01-01,p3.1.1,16070
abs,2021-01-01,p3.1.2,23335
abs,2021-01-01,p3.1.3,5103
abs,2021-01-01,p3.1.4,2813
abs,2021-01-01,p3.2,5918
abs,2021-01-01,p3.2.1,5078
abs,2021-01-01,p3.2.2,840
abs,2021-01-01,p3.3,17768
abs,2021-01-01,p3.3.1,7741
abs,2021-01-01,p3.3.2,5921
abs,2021-01-01,p3.3.3,4106
abs,2021-01-01,p3.4,121044
abs,2021-01-01,p3.4.1,54749
abs,2021-01-01,p3.4.2,36711
abs,2021-01-01,p3.4.3,17506
abs,2021-01-01,p3.4.4,12078
abs,2021-01-01,p3.5,35314
abs,2021-01-01,p3.5.1,9975
abs,2021-01-01,p3.5.2,10035
abs,2021-01-01,p3.5.3,15304
abs,2021-01-01,p3.6,101885
abs,2021-01-01,p3.6.1,10581
abs,2021-01-01,p3.6.2,6614
abs,2021-01-01,p3.6.3,8338
abs,2021-01-01,p3.6.4,71124
abs,2021-01-01,p3.6.5,5228
abs,2021-01-01,p3.7,32577
abs,2021-01-01,p3.7.1,23802
abs,2021-01-01,p3.7.2,4509
abs,2021-01-01,p3.7.3,4266
abs,2021-01-01,p4,55654
abs,2021-01-01,p4.1,24580
abs,2021-01-01,p4.1.1,11939
abs,2021-01-01,p4.1.2,12641
abs,2021-01-01,p4.2,16752
abs,2021-01-01,p4.3,14321
abs,2021-01-01,p5,841692
abs,2021-01-01,p5.1,184311
abs,2021-01-01,p5.1.1,31899
abs,2021-01-01,p5.1.2,9859
abs,2021-01-01,p5.1.3,46369
abs,2021-01-01,p5.1.3.1,11266
abs,2021-01-01,p5.1.3.2,6476
abs,2021-01-01,p5.1.3.3,1404
abs,2021-01-01,p5.1.3.4,8206
abs,2021-01-01,p5.1.3.5,7131
abs,2021-01-01,p5.1.3.6,8397
abs,2021-01-01,p5.1.3.7,3489
abs,2021-01-01,p5.1.4,96184
abs,2021-01-01,p5.1.4.1,7590
abs,2021-01-01,p5.1.4.2,68056
abs,2021-01-01,p5.1.4.3,20538
abs,2021-01-01,p5.2,289722
abs,2021-01-01,p5.2.1,250010
abs,2021-01-01,p5.2.1.1,112261
abs,2021-01-01,p5.2.1.2,116852
abs,2021-01-01,p5.2.1.3,20897
abs,2021-01-01,p5.2.2,35727
abs,2021-01-01,p5.2.3,3985
abs,2021-01-01,p5.3,165392
abs,2021-01-01,p5.3.1,79123
abs,2021-01-01,p5.3.1.1,66433
abs,2021-01-01,p5.3.1.2,12690
abs,2021-01-01,p5.3.2,28610
abs,2021-01-01,p5.3.2.1,28020
abs,2021-01-01,p5.3.2.2,590
abs,2021-01-01,p5.3.3,17681
abs,2021-01-01,p5.3.4,39978
abs,2021-01-01,p5.3.4.1,30030
abs,2021-01-01,p5.3.4.2,9948
abs,2021-01-01,p5.4,66988
abs,2021-01-01,p5.4.1,12155
abs,2021-01-01,p5.4.2,11469
abs,2021-01-01,p5.4.3,34854
abs,2021-01-01,p5.4.4,528
abs,2021-01-01,p5.4.5,1145
abs,2021-01-01,p5.4.6,6837
abs,2021-01-01,p5.5,135279
abs,2021-01-01,p5.5.01,15845
abs,2021-01-01,p5.5.02,8478
abs,2021-01-01,p5.5.03,11049
abs,2021-01-01,p5.5.04,18207
abs,2021-01-01,p5.5.05,482
abs,2021-01-01,p5.5.06,3801
abs,2021-01-01,p5.5.07,22142
abs,2021-01-01,p5.5.08,2677
abs,2021-01-01,p5.5.09,50398
abs,2021-01-01,p5.5.10,2202
abs,2021-01-01,p6,17023
abs,2022-01-01,p0,1793903
abs,2022-01-01,p1,160567
abs,2022-01-01,p1.1,119989
abs,2022-01-01,p1.1.1,2433
abs,2022-01-01,p1.1.2,88291
abs,2022-01-01,p1.1.3,2372
abs,2022-01-01,p1.1.4,14159
abs,2022-01-01,p1.1.5,5136
abs,2022-01-01,p1.1.6,6390
abs,2022-01-01,p1.1.7,1208
abs,2022-01-01,p1.2,19953
abs,2022-01-01,p1.2.1,12740
abs,2022-01-01,p1.2.2,1624
abs,2022-01-01,p1.2.3,5590
abs,2022-01-01,p1.3,7242
abs,2022-01-01,p1.4,13382
abs,2022-01-01,p1.4.1,7974
abs,2022-01-01,p1.4.2,5408
abs,2022-01-01,p2,178439
abs,2022-01-01,p2.1,79162
abs,2022-01-01,p2.2,88511
abs,2022-01-01,p2.3,10766
abs,2022-01-01,p3,418538
abs,2022-01-01,p3.1,55126
abs,2022-01-01,p3.1.1,17945
abs,2022-01-01,p3.1.2,27925
abs,2022-01-01,p3.1.3,5794
abs,2022-01-01,p3.1.4,3462
abs,2022-01-01,p3.2,6616
abs,2022-01-01,p3.2.1,5583
abs,2022-01-01,p3.2.2,1033
abs,2022-01-01,p3.3,20156
abs,2022-01-01,p3.3.1,8991
abs,2022-01-01,p3.3.2,6796
abs,2022-01-01,p3.3.3,4369
abs,2022-01-01,p3.4,136496
abs,2022-01-01,p3.4.1,69103
abs,2022-01-01,p3.4.2,40356
abs,2022-01-01,p3.4.3,14083
abs,2022-01-01,p3.4.4,12954
abs,2022-01-01,p3.5,40141
abs,2022-01-01,p3.5.1,11220
abs,2022-01-01,p3.5.2,11610
abs,2022-01-01,p3.5.3,17311
abs,2022-01-01,p3.6,121653
abs,2022-01-01,p3.6.1,11390
abs,2022-01-01,p3.6.2,6558
abs,2022-01-01,p3.6.3,10351
abs,2022-01-01,p3.6.4,87409
abs,2022-01-01,p3.6.5,5945
abs,2022-01-01,p3.7,38350
abs,2022-01-01,p3.7.1,28601
abs,2022-01-01,p3.7.2,5035
abs,2022-01-01,p3.7.3,4714
abs,2022-01-01,p4,60810
abs,2022-01-01,p4.1,27605
abs,2022-01-01,p4.1.1,12243
abs,2022-01-01,p4.1.2,15362
abs,2022-01-01,p4.2,17480
abs,2022-01-01,p4.3,15725
abs,2022-01-01,p5,956737
abs,2022-01-01,p5.1,205526
abs,2022-01-01,p5.1.1,33122
abs,2022-01-01,p5.1.2,10414
abs,2022-01-01,p5.1.3,60752
abs,2022-01-01,p5.1.3.1,15625
abs,2022-01-01,p5.1.3.2,7313
abs,2022-01-01,p5.1.3.3,3540
abs,2022-01-01,p5.1.3.4,10502
abs,2022-01-01,p5.1.3.5,9542
abs,2022-01-01,p5.1.3.6,10399
abs,2022-01-01,p5.1.3.7,3832
abs,2022-01-01,p5.1.4,101238
abs,2022-01-01,p5.1.4.1,8593
abs,2022-01-01,p5.1.4.2,70811
abs,2022-01-01,p5.1.4.3,21834
abs,2022-01-01,p5.2,353862
abs,2022-01-01,p5.2.1,298882
abs,2022-01-01,p5.2.1.1,124326
abs,2022-01-01,p5.2.1.2,144114
abs,2022-01-01,p5.2.1.3,30441
abs,2022-01-01,p5.2.2,45623
abs,2022-01-01,p5.2.3,9357
abs,2022-01-01,p5.3,181210
abs,2022-01-01,p5.3.1,82228
abs,2022-01-01,p5.3.1.1,69961
abs,2022-01-01,p5.3.1.2,12268
abs,2022-01-01,p5.3.2,27493
abs,2022-01-01,p5.3.2.1,26829
abs,2022-01-01,p5.3.2.2,664
abs,2022-01-01,p5.3.3,23235
abs,2022-01-01,p5.3.4,48254
abs,2022-01-01,p5.3.4.1,35443
abs,2022-01-01,p5.3.4.2,12811
abs,2022-01-01,p5.4,74735
abs,2022-01-01,p5.4.1,13384
abs,2022-01-01,p5.4.2,12459
abs,2022-01-01,p5.4.3,35550
abs,2022-01-01,p5.4.4,619
abs,2022-01-01,p5.4.5,1166
abs,2022-01-01,p5.4.6,11557
abs,2022-01-01,p5.5,141403
abs,2022-01-01,p5.5.01,22093
abs,2022-01-01,p5.5.02,8558
abs,2022-01-01,p5.5.03,10972
abs,2022-01-01,p5.5.04,19625
abs,2022-01-01,p5.5.05,448
abs,2022-01-01,p5.5.06,3618
abs,2022-01-01,p5.5.07,20795
abs,2022-01-01,p5.5.08,2854
abs,2022-01-01,p5.5.09,50355
abs,2022-01-01,p5.5.10,2084
abs,2022-01-01,p6,18812
abs,2023-01-01,p0,1822904
abs,2023-01-01,p1,141930
abs,2023-01-01,p1.1,99904
abs,2023-01-01,p1.1.1,2090
abs,2023-01-01,p1.1.2,67566
abs,2023-01-01,p1.1.3,2355
abs,2023-01-01,p1.1.4,14832
abs,2023-01-01,p1.1.5,5337
abs,2023-01-01,p1.1.6,6489
abs,2023-01-01,p1.1.7,1235
abs,2023-01-01,p1.2,20935
abs,2023-01-01,p1.2.1,13299
abs,2023-01-01,p1.2.2,1778
abs,2023-01-01,p1.2.3,5859
abs,2023-01-01,p1.3,7203
abs,2023-01-01,p1.4,13888
abs,2023-01-01,p1.4.1,8346
abs,2023-01-01,p1.4.2,5542
abs,2023-01-01,p2,155983
abs,2023-01-01,p2.1,65615
abs,2023-01-01,p2.2,78914
abs,2023-01-01,p2.3,11454
abs,2023-01-01,p3,419584
abs,2023-01-01,p3.1,55408
abs,2023-01-01,p3.1.1,15119
abs,2023-01-01,p3.1.2,30377
abs,2023-01-01,p3.1.3,5915
abs,2023-01-01,p3.1.4,3997
abs,2023-01-01,p3.2,6816
abs,2023-01-01,p3.2.1,5686
abs,2023-01-01,p3.2.2,1130
abs,2023-01-01,p3.3,20307
abs,2023-01-01,p3.3.1,8674
abs,2023-01-01,p3.3.2,7056
abs,2023-01-01,p3.3.3,4577
abs,2023-01-01,p3.4,129380
abs,2023-01-01,p3.4.1,63169
abs,2023-01-01,p3.4.2,40581
abs,2023-01-01,p3.4.3,12834
abs,2023-01-01,p3.4.4,12796
abs,2023-01-01,p3.5,42677
abs,2023-01-01,p3.5.1,11867
abs,2023-01-01,p3.5.2,11951
abs,2023-01-01,p3.5.3,18859
abs,2023-01-01,p3.6,124353
abs,2023-01-01,p3.6.1,10899
abs,2023-01-01,p3.6.2,6990
abs,2023-01-01,p3.6.3,10767
abs,2023-01-01,p3.6.4,89202
abs,2023-01-01,p3.6.5,6495
abs,2023-01-01,p3.7,40644
abs,2023-01-01,p3.7.1,30676
abs,2023-01-01,p3.7.2,4957
abs,2023-01-01,p3.7.3,5011
abs,2023-01-01,p4,65949
abs,2023-01-01,p4.1,28568
abs,2023-01-01,p4.1.1,12861
abs,2023-01-01,p4.1.2,15707
abs,2023-01-01,p4.2,20198
abs,2023-01-01,p4.3,17183
abs,2023-01-01,p5,1018972
abs,2023-01-01,p5.1,220312
abs,2023-01-01,p5.1.1,34069
abs,2023-01-01,p5.1.2,11099
abs,2023-01-01,p5.1.3,69957
abs,2023-01-01,p5.1.3.1,18226
abs,2023-01-01,p5.1.3.2,8209
abs,2023-01-01,p5.1.3.3,5087
abs,2023-01-01,p5.1.3.4,11719
abs,2023-01-01,p5.1.3.5,11008
abs,2023-01-01,p5.1.3.6,11536
abs,2023-01-01,p5.1.3.7,4173
abs,2023-01-01,p5.1.4,105187
abs,2023-01-01,p5.1.4.1,9373
abs,2023-01-01,p5.1.4.2,73160
abs,2023-01-01,p5.1.4.3,22653
abs,2023-01-01,p5.2,383267
abs,2023-01-01,p5.2.1,321738
abs,2023-01-01,p5.2.1.1,130967
abs,2023-01-01,p5.2.1.2,156141
abs,2023-01-01,p5.2.1.3,34630
abs,2023-01-01,p5.2.2,49245
abs,2023-01-01,p5.2.3,12284
abs,2023-01-01,p5.3,186191
abs,2023-01-01,p5.3.1,82368
abs,2023-01-01,p5.3.1.1,68697
abs,2023-01-01,p5.3.1.2,13671
abs,2023-01-01,p5.3.2,25700
abs,2023-01-01,p5.3.2.1,25102
abs,2023-01-01,p5.3.2.2,598
abs,2023-01-01,p5.3.3,24374
abs,2023-01-01,p5.3.4,53749
abs,2023-01-01,p5.3.4.1,38932
abs,2023-01-01,p5.3.4.2,14817
abs,2023-01-01,p5.4,80290
abs,2023-01-01,p5.4.1,14703
abs,2023-01-01,p5.4.2,13511
abs,2023-01-01,p5.4.3,36926
abs,2023-01-01,p5.4.4,672
abs,2023-01-01,p5.4.5,1305
abs,2023-01-01,p5.4.6,13173
abs,2023-01-01,p5.5,148911
abs,2023-01-01,p5.5.01,23897
abs,2023-01-01,p5.5.02,9014
abs,2023-01-01,p5.5.03,11665
abs,2023-01-01,p5.5.04,20127
abs,2023-01-01,p5.5.05,424
abs,2023-01-01,p5.5.06,3896
abs,2023-01-01,p5.5.07,23129
abs,2023-01-01,p5.5.08,2832
abs,2023-01-01,p5.5.09,51566
abs,2023-01-01,p5.5.10,2361
abs,2023-01-01,p6,20487
growth_yoy,2016-01-01,p0,6.182
growth_yoy,2016-01-01,p1,8.424
growth_yoy,2016-01-01,p1.1,9.874
growth_yoy,2016-01-01,p1.1.1,5.974
growth_yoy,2016-01-01,p1.1.2,12.982
growth_yoy,2016-01-01,p1.1.3,1.859
growth_yoy,2016-01-01,p1.1.4,5.398
growth_yoy,2016-01-01,p1.1.5,5.367
growth_yoy,2016-01-01,p1.1.6,8.395
growth_yoy,2016-01-01,p1.1.7,-6.589
growth_yoy,2016-01-01,p1.2,8.13
growth_yoy,2016-01-01,p1.2.1,11.779
growth_yoy,2016-01-01,p1.2.2,4.064
growth_yoy,2016-01-01,p1.2.3,2.125
growth_yoy,2016-01-01,p1.3,4.949
growth_yoy,2016-01-01,p1.4,3.661
growth_yoy,2016-01-01,p1.4.1,6.507
growth_yoy,2016-01-01,p1.4.2,-1.82
growth_yoy,2016-01-01,p2,0.873
growth_yoy,2016-01-01,p2.1,-1.081
growth_yoy,2016-01-01,p2.2,1.228
growth_yoy,2016-01-01,p2.3,10.79
growth_yoy,2016-01-01,p3,3.818
growth_yoy,2016-01-01,p3.1,5.914
growth_yoy,2016-01-01,p3.1.1,2.843
growth_yoy,2016-01-01,p3.1.2,8.043
growth_yoy,2016-01-01,p3.1.3,9.923
growth_yoy,2016-01-01,p3.1.4,3.222
growth_yoy,2016-01-01,p3.2,8.064
growth_yoy,2016-01-01,p3.2.1,6.797
growth_yoy,2016-01-01,p3.2.2,16.746
growth_yoy,2016-01-01,p3.3,7.981
growth_yoy,2016-01-01,p3.3.1,7.464
growth_yoy,2016-01-01,p3.3.2,7.702
growth_yoy,2016-01-01,p3.3.3,9.25
growth_yoy,2016-01-01,p3.4,-0.199
growth_yoy,2016-01-01,p3.4.1,-5.64
growth_yoy,2016-01-01,p3.4.2,3.769
growth_yoy,2016-01-01,p3.4.3,3.804
growth_yoy,2016-01-01,p3.4.4,5.123
growth_yoy,2016-01-01,p3.5,5.15
growth_yoy,2016-01-01,p3.5.1,6.569
growth_yoy,2016-01-01,p3.5.2,2.202
growth_yoy,2016-01-01,p3.5.3,5.646
growth_yoy,2016-01-01,p3.6,7.591
growth_yoy,2016-01-01,p3.6.1,5.606
growth_yoy,2016-01-01,p3.6.2,3.953
growth_yoy,2016-01-01,p3.6.3,4.666
growth_yoy,2016-01-01,p3.6.4,8.559
growth_yoy,2016-01-01,p3.6.5,8.97
growth_yoy,2016-01-01,p3.7,-0.729
growth_yoy,2016-01-01,p3.7.1,-3.052
growth_yoy,2016-01-01,p3.7.2,9.193
growth_yoy,2016-01-01,p3.7.3,3.178
growth_yoy,2016-01-01,p4,10.305
growth_yoy,2016-01-01,p4.1,6.649
growth_yoy,2016-01-01,p4.1.1,11.682
growth_yoy,2016-01-01,p4.1.2,1.654
growth_yoy,2016-01-01,p4.2,18.454
growth_yoy,2016-01-01,p4.3,8.892
growth_yoy,2016-01-01,p5,7.158
growth_yoy,2016-01-01,p5.1,7.626
growth_yoy,2016-01-01,p5.1.1,4.574
growth_yoy,2016-01-01,p5.1.2,10.007
growth_yoy,2016-01-01,p5.1.3,7.554
growth_yoy,2016-01-01,p5.1.3.1,8.911
growth_yoy,2016-01-01,p5.1.3.2,2.138
growth_yoy,2016-01-01,p5.1.3.3,4.517
growth_yoy,2016-01-01,p5.1.3.4,9.696
growth_yoy,2016-01-01,p5.1.3.5,9.951
growth_yoy,2016-01-01,p5.1.3.6,8.766
growth_yoy,2016-01-01,p5.1.3.7,8.528
growth_yoy,2016-01-01,p5.1.4,8.711
growth_yoy,2016-01-01,p5.1.4.1,5.582
growth_yoy,2016-01-01,p5.1.4.2,9.947
growth_yoy,2016-01-01,p5.1.4.3,6.679
growth_yoy,2016-01-01,p5.2,8.203
growth_yoy,2016-01-01,p5.2.1,7.679
growth_yoy,2016-01-01,p5.2.1.1,7.516
growth_yoy,2016-01-01,p5.2.1.2,10.351
growth_yoy,2016-01-01,p5.2.1.3,-0.76
growth_yoy,2016-01-01,p5.2.2,11.967
growth_yoy,2016-01-01,p5.2.3,6.877
growth_yoy,2016-01-01,p5.3,5.742
growth_yoy,2016-01-01,p5.3.1,2.481
growth_yoy,2016-01-01,p5.3.1.1,2.434
growth_yoy,2016-01-01,p5.3.1.2,2.741
growth_yoy,2016-01-01,p5.3.2,7.166
growth_yoy,2016-01-01,p5.3.2.1,7.239
growth_yoy,2016-01-01,p5.3.2.2,5.111
growth_yoy,2016-01-01,p5.3.3,8.046
growth_yoy,2016-01-01,p5.3.4,9.543
growth_yoy,2016-01-01,p5.3.4.1,9.425
growth_yoy,2016-01-01,p5.3.4.2,9.77
growth_yoy,2016-01-01,p5.4,6.472
growth_yoy,2016-01-01,p5.4.1,9.292
growth_yoy,2016-01-01,p5.4.2,8.621
growth_yoy,2016-01-01,p5.4.3,5.538
growth_yoy,2016-01-01,p5.4.4,4.375
growth_yoy,2016-01-01,p5.4.5,4.979
growth_yoy,2016-01-01,p5.4.6,5.249
growth_yoy,2016-01-01,p5.5,6.452
growth_yoy,2016-01-01,p5.5.01,4.975
growth_yoy,2016-01-01,p5.5.02,1.788
growth_yoy,2016-01-01,p5.5.03,-1.503
growth_yoy,2016-01-01,p5.5.04,6.978
growth_yoy,2016-01-01,p5.5.05,1.362
growth_yoy,2016-01-01,p5.5.06,20.85
growth_yoy,2016-01-01,p5.5.07,13.243
growth_yoy,2016-01-01,p5.5.08,1.658
growth_yoy,2016-01-01,p5.5.09,7.715
growth_yoy,2016-01-01,p5.5.10,3.197
growth_yoy,2016-01-01,p6,12.45
growth_yoy,2017-01-01,p0,9.811
growth_yoy,2017-01-01,p1,11.573
growth_yoy,2017-01-01,p1.1,17.142
growth_yoy,2017-01-01,p1.1.1,37.317
growth_yoy,2017-01-01,p1.1.2,19.812
growth_yoy,2017-01-01,p1.1.3,-0.935
growth_yoy,2017-01-01,p1.1.4,6.424
growth_yoy,2017-01-01,p1.1.5,22.91
growth_yoy,2017-01-01,p1.1.6,8.164
growth_yoy,2017-01-01,p1.1.7,9.855
growth_yoy,2017-01-01,p1.2,9.034
growth_yoy,2017-01-01,p1.2.1,9.618
growth_yoy,2017-01-01,p1.2.2,5.268
growth_yoy,2017-01-01,p1.2.3,8.818
growth_yoy,2017-01-01,p1.3,-15.434
growth_yoy,2017-01-01,p1.4,3.168
growth_yoy,2017-01-01,p1.4.1,2.205
growth_yoy,2017-01-01,p1.4.2,5.196
growth_yoy,2017-01-01,p2,16.706
growth_yoy,2017-01-01,p2.1,26.576
growth_yoy,2017-01-01,p2.2,8.419
growth_yoy,2017-01-01,p2.3,11.566
growth_yoy,2017-01-01,p3,10.059
growth_yoy,2017-01-01,p3.1,12.704
growth_yoy,2017-01-01,p3.1.1,25.095
growth_yoy,2017-01-01,p3.1.2,6.231
growth_yoy,2017-01-01,p3.1.3,8.655
growth_yoy,2017-01-01,p3.1.4,2.334
growth_yoy,2017-01-01,p3.2,6.353
growth_yoy,2017-01-01,p3.2.1,7.367
growth_yoy,2017-01-01,p3.2.2,0
growth_yoy,2017-01-01,p3.3,6.562
growth_yoy,2017-01-01,p3.3.1,4.846
growth_yoy,2017-01-01,p3.3.2,10.632
growth_yoy,2017-01-01,p3.3.3,5.216
growth_yoy,2017-01-01,p3.4,14.045
growth_yoy,2017-01-01,p3.4.1,22.797
growth_yoy,2017-01-01,p3.4.2,7.552
growth_yoy,2017-01-01,p3.4.3,13.771
growth_yoy,2017-01-01,p3.4.4,4.587
growth_yoy,2017-01-01,p3.5,6.922
growth_yoy,2017-01-01,p3.5.1,3.873
growth_yoy,2017-01-01,p3.5.2,11.322
growth_yoy,2017-01-01,p3.5.3,6.967
growth_yoy,2017-01-01,p3.6,7.557
growth_yoy,2017-01-01,p3.6.1,5.08
growth_yoy,2017-01-01,p3.6.2,-6.963
growth_yoy,2017-01-01,p3.6.3,16.658
growth_yoy,2017-01-01,p3.6.4,9.259
growth_yoy,2017-01-01,p3.6.5,0.783
growth_yoy,2017-01-01,p3.7,8.809
growth_yoy,2017-01-01,p3.7.1,9.185
growth_yoy,2017-01-01,p3.7.2,6.6
growth_yoy,2017-01-01,p3.7.3,9.084
growth_yoy,2017-01-01,p4,8.943
growth_yoy,2017-01-01,p4.1,4.194
growth_yoy,2017-01-01,p4.1.1,3.958
growth_yoy,2017-01-01,p4.1.2,4.451
growth_yoy,2017-01-01,p4.2,17.166
growth_yoy,2017-01-01,p4.3,9.455
growth_yoy,2017-01-01,p5,8.318
growth_yoy,2017-01-01,p5.1,8.027
growth_yoy,2017-01-01,p5.1.1,4.719
growth_yoy,2017-01-01,p5.1.2,9.525
growth_yoy,2017-01-01,p5.1.3,7.853
growth_yoy,2017-01-01,p5.1.3.1,8.943
growth_yoy,2017-01-01,p5.1.3.2,2.624
growth_yoy,2017-01-01,p5.1.3.3,4.722
growth_yoy,2017-01-01,p5.1.3.4,10.484
growth_yoy,2017-01-01,p5.1.3.5,8.737
growth_yoy,2017-01-01,p5.1.3.6,9.485
growth_yoy,2017-01-01,p5.1.3.7,10.581
growth_yoy,2017-01-01,p5.1.4,9.315
growth_yoy,2017-01-01,p5.1.4.1,9.748
growth_yoy,2017-01-01,p5.1.4.2,9.817
growth_yoy,2017-01-01,p5.1.4.3,7.675
growth_yoy,2017-01-01,p5.2,10.385
growth_yoy,2017-01-01,p5.2.1,10.175
growth_yoy,2017-01-01,p5.2.1.1,9.756
growth_yoy,2017-01-01,p5.2.1.2,12.471
growth_yoy,2017-01-01,p5.2.1.3,3.172
growth_yoy,2017-01-01,p5.2.2,12.465
growth_yoy,2017-01-01,p5.2.3,7.481
growth_yoy,2017-01-01,p5.3,7.344
growth_yoy,2017-01-01,p5.3.1,6.51
growth_yoy,2017-01-01,p5.3.1.1,5.701
growth_yoy,2017-01-01,p5.3.1.2,10.945
growth_yoy,2017-01-01,p5.3.2,4.035
growth_yoy,2017-01-01,p5.3.2.1,4.117
growth_yoy,2017-01-01,p5.3.2.2,1.459
growth_yoy,2017-01-01,p5.3.3,8.612
growth_yoy,2017-01-01,p5.3.4,9.86
growth_yoy,2017-01-01,p5.3.4.1,10.598
growth_yoy,2017-01-01,p5.3.4.2,8.326
growth_yoy,2017-01-01,p5.4,6.725
growth_yoy,2017-01-01,p5.4.1,9.733
growth_yoy,2017-01-01,p5.4.2,8.505
growth_yoy,2017-01-01,p5.4.3,5.767
growth_yoy,2017-01-01,p5.4.4,5.689
growth_yoy,2017-01-01,p5.4.5,5.642
growth_yoy,2017-01-01,p5.4.6,5.526
growth_yoy,2017-01-01,p5.5,6.263
growth_yoy,2017-01-01,p5.5.01,-3.792
growth_yoy,2017-01-01,p5.5.02,4.584
growth_yoy,2017-01-01,p5.5.03,5.371
growth_yoy,2017-01-01,p5.5.04,9.398
growth_yoy,2017-01-01,p5.5.05,9.409
growth_yoy,2017-01-01,p5.5.06,26.875
growth_yoy,2017-01-01,p5.5.07,9.449
growth_yoy,2017-01-01,p5.5.08,15.443
growth_yoy,2017-01-01,p5.5.09,7.611
growth_yoy,2017-01-01,p5.5.10,18.417
growth_yoy,2017-01-01,p6,16.643
growth_yoy,2018-01-01,p0,5.498
growth_yoy,2018-01-01,p1,-7.829
growth_yoy,2018-01-01,p1.1,-13.207
growth_yoy,2018-01-01,p1.1.1,-40.599
growth_yoy,2018-01-01,p1.1.2,-17.968
growth_yoy,2018-01-01,p1.1.3,8.18
growth_yoy,2018-01-01,p1.1.4,2.616
growth_yoy,2018-01-01,p1.1.5,-2.713
growth_yoy,2018-01-01,p1.1.6,-0.418
growth_yoy,2018-01-01,p1.1.7,4.06
growth_yoy,2018-01-01,p1.2,5.76
growth_yoy,2018-01-01,p1.2.1,2.879
growth_yoy,2018-01-01,p1.2.2,5.263
growth_yoy,2018-01-01,p1.2.3,12.087
growth_yoy,2018-01-01,p1.3,1.394
growth_yoy,2018-01-01,p1.4,4.951
growth_yoy,2018-01-01,p1.4.1,-0.803
growth_yoy,2018-01-01,p1.4.2,16.558
growth_yoy,2018-01-01,p2,11.133
growth_yoy,2018-01-01,p2.1,21.537
growth_yoy,2018-01-01,p2.2,0.709
growth_yoy,2018-01-01,p2.3,6.318
growth_yoy,2018-01-01,p3,3.962
growth_yoy,2018-01-01,p3.1,-1.533
growth_yoy,2018-01-01,p3.1.1,-12.695
growth_yoy,2018-01-01,p3.1.2,7.157
growth_yoy,2018-01-01,p3.1.3,2.601
growth_yoy,2018-01-01,p3.1.4,2.253
growth_yoy,2018-01-01,p3.2,2.686
growth_yoy,2018-01-01,p3.2.1,2.72
growth_yoy,2018-01-01,p3.2.2,2.459
growth_yoy,2018-01-01,p3.3,4.672
growth_yoy,2018-01-01,p3.3.1,6.117
growth_yoy,2018-01-01,p3.3.2,5.538
growth_yoy,2018-01-01,p3.3.3,1.046
growth_yoy,2018-01-01,p3.4,8.878
growth_yoy,2018-01-01,p3.4.1,13.664
growth_yoy,2018-01-01,p3.4.2,5.413
growth_yoy,2018-01-01,p3.4.3,4.673
growth_yoy,2018-01-01,p3.4.4,4.011
growth_yoy,2018-01-01,p3.5,5.905
growth_yoy,2018-01-01,p3.5.1,4.271
growth_yoy,2018-01-01,p3.5.2,9.041
growth_yoy,2018-01-01,p3.5.3,5.434
growth_yoy,2018-01-01,p3.6,2.545
growth_yoy,2018-01-01,p3.6.1,4.433
growth_yoy,2018-01-01,p3.6.2,1.554
growth_yoy,2018-01-01,p3.6.3,2.305
growth_yoy,2018-01-01,p3.6.4,2.499
growth_yoy,2018-01-01,p3.6.5,0.936
growth_yoy,2018-01-01,p3.7,-1.503
growth_yoy,2018-01-01,p3.7.1,-3.039
growth_yoy,2018-01-01,p3.7.2,0.875
growth_yoy,2018-01-01,p3.7.3,4.816
growth_yoy,2018-01-01,p4,5.253
growth_yoy,2018-01-01,p4.1,-4.372
growth_yoy,2018-01-01,p4.1.1,-7.31
growth_yoy,2018-01-01,p4.1.2,-1.183
growth_yoy,2018-01-01,p4.2,18.481
growth_yoy,2018-01-01,p4.3,9.29
growth_yoy,2018-01-01,p5,7.712
growth_yoy,2018-01-01,p5.1,8.012
growth_yoy,2018-01-01,p5.1.1,6.65
growth_yoy,2018-01-01,p5.1.2,7.788
growth_yoy,2018-01-01,p5.1.3,8.037
growth_yoy,2018-01-01,p5.1.3.1,8.966
growth_yoy,2018-01-01,p5.1.3.2,3.546
growth_yoy,2018-01-01,p5.1.3.3,4.047
growth_yoy,2018-01-01,p5.1.3.4,10.695
growth_yoy,2018-01-01,p5.1.3.5,8.433
growth_yoy,2018-01-01,p5.1.3.6,9.992
growth_yoy,2018-01-01,p5.1.3.7,10.801
growth_yoy,2018-01-01,p5.1.4,8.536
growth_yoy,2018-01-01,p5.1.4.1,5.908
growth_yoy,2018-01-01,p5.1.4.2,9.004
growth_yoy,2018-01-01,p5.1.4.3,8.363
growth_yoy,2018-01-01,p5.2,9.32
growth_yoy,2018-01-01,p5.2.1,8.667
growth_yoy,2018-01-01,p5.2.1.1,8.15
growth_yoy,2018-01-01,p5.2.1.2,10.455
growth_yoy,2018-01-01,p5.2.1.3,3.456
growth_yoy,2018-01-01,p5.2.2,13.708
growth_yoy,2018-01-01,p5.2.3,7.757
growth_yoy,2018-01-01,p5.3,7.141
growth_yoy,2018-01-01,p5.3.1,4.089
growth_yoy,2018-01-01,p5.3.1.1,4.543
growth_yoy,2018-01-01,p5.3.1.2,1.72
growth_yoy,2018-01-01,p5.3.2,9.684
growth_yoy,2018-01-01,p5.3.2.1,9.936
growth_yoy,2018-01-01,p5.3.2.2,1.438
growth_yoy,2018-01-01,p5.3.3,8.176
growth_yoy,2018-01-01,p5.3.4,10.226
growth_yoy,2018-01-01,p5.3.4.1,11.085
growth_yoy,2018-01-01,p5.3.4.2,8.393
growth_yoy,2018-01-01,p5.4,6.94
growth_yoy,2018-01-01,p5.4.1,9.483
growth_yoy,2018-01-01,p5.4.2,7.591
growth_yoy,2018-01-01,p5.4.3,5.637
growth_yoy,2018-01-01,p5.4.4,4.816
growth_yoy,2018-01-01,p5.4.5,5.805
growth_yoy,2018-01-01,p5.4.6,7.567
growth_yoy,2018-01-01,p5.5,4.74
growth_yoy,2018-01-01,p5.5.01,-7.282
growth_yoy,2018-01-01,p5.5.02,-12.352
growth_yoy,2018-01-01,p5.5.03,1.006
growth_yoy,2018-01-01,p5.5.04,53.932
growth_yoy,2018-01-01,p5.5.05,-18.673
growth_yoy,2018-01-01,p5.5.06,29.707
growth_yoy,2018-01-01,p5.5.07,4.811
growth_yoy,2018-01-01,p5.5.08,-17.098
growth_yoy,2018-01-01,p5.5.09,1.537
growth_yoy,2018-01-01,p5.5.10,57.195
growth_yoy,2018-01-01,p6,-9.476
growth_yoy,2019-01-01,p0,4.488
growth_yoy,2019-01-01,p1,0.722
growth_yoy,2019-01-01,p1.1,-0.45
growth_yoy,2019-01-01,p1.1.1,14.858
growth_yoy,2019-01-01,p1.1.2,-4.525
growth_yoy,2019-01-01,p1.1.3,0.831
growth_yoy,2019-01-01,p1.1.4,4.717
growth_yoy,2019-01-01,p1.1.5,3.152
growth_yoy,2019-01-01,p1.1.6,6.546
growth_yoy,2019-01-01,p1.1.7,0.998
growth_yoy,2019-01-01,p1.2,8.693
growth_yoy,2019-01-01,p1.2.1,9.076
growth_yoy,2019-01-01,p1.2.2,7.049
growth_yoy,2019-01-01,p1.2.3,8.327
growth_yoy,2019-01-01,p1.3,-4.591
growth_yoy,2019-01-01,p1.4,0.688
growth_yoy,2019-01-01,p1.4.1,0.474
growth_yoy,2019-01-01,p1.4.2,1.055
growth_yoy,2019-01-01,p2,-2.78
growth_yoy,2019-01-01,p2.1,-9.202
growth_yoy,2019-01-01,p2.2,3.214
growth_yoy,2019-01-01,p2.3,10.479
growth_yoy,2019-01-01,p3,3.91
growth_yoy,2019-01-01,p3.1,2.31
growth_yoy,2019-01-01,p3.1.1,-7.791
growth_yoy,2019-01-01,p3.1.2,9.361
growth_yoy,2019-01-01,p3.1.3,3.557
growth_yoy,2019-01-01,p3.1.4,5.026
growth_yoy,2019-01-01,p3.2,5.181
growth_yoy,2019-01-01,p3.2.1,4.447
growth_yoy,2019-01-01,p3.2.2,10.133
growth_yoy,2019-01-01,p3.3,5.818
growth_yoy,2019-01-01,p3.3.1,5.558
growth_yoy,2019-01-01,p3.3.2,4.083
growth_yoy,2019-01-01,p3.3.3,8.407
growth_yoy,2019-01-01,p3.4,3.094
growth_yoy,2019-01-01,p3.4.1,4.981
growth_yoy,2019-01-01,p3.4.2,-0.39
growth_yoy,2019-01-01,p3.4.3,7.352
growth_yoy,2019-01-01,p3.4.4,2.892
growth_yoy,2019-01-01,p3.5,3.251
growth_yoy,2019-01-01,p3.5.1,4.575
growth_yoy,2019-01-01,p3.5.2,2.249
growth_yoy,2019-01-01,p3.5.3,2.848
growth_yoy,2019-01-01,p3.6,4.815
growth_yoy,2019-01-01,p3.6.1,2.549
growth_yoy,2019-01-01,p3.6.2,7.785
growth_yoy,2019-01-01,p3.6.3,3.69
growth_yoy,2019-01-01,p3.6.4,5.651
growth_yoy,2019-01-01,p3.6.5,-1.875
growth_yoy,2019-01-01,p3.7,5.474
growth_yoy,2019-01-01,p3.7.1,4.79
growth_yoy,2019-01-01,p3.7.2,8.371
growth_yoy,2019-01-01,p3.7.3,6.111
growth_yoy,2019-01-01,p4,1.455
growth_yoy,2019-01-01,p4.1,-5.236
growth_yoy,2019-01-01,p4.1.1,-2.889
growth_yoy,2019-01-01,p4.1.2,-7.626
growth_yoy,2019-01-01,p4.2,8.691
growth_yoy,2019-01-01,p4.3,4.287
growth_yoy,2019-01-01,p5,6.849
growth_yoy,2019-01-01,p5.1,7.511
growth_yoy,2019-01-01,p5.1.1,8.152
growth_yoy,2019-01-01,p5.1.2,8.354
growth_yoy,2019-01-01,p5.1.3,8.348
growth_yoy,2019-01-01,p5.1.3.1,9.564
growth_yoy,2019-01-01,p5.1.3.2,3.364
growth_yoy,2019-01-01,p5.1.3.3,4.885
growth_yoy,2019-01-01,p5.1.3.4,10.507
growth_yoy,2019-01-01,p5.1.3.5,8.548
growth_yoy,2019-01-01,p5.1.3.6,10.135
growth_yoy,2019-01-01,p5.1.3.7,10.988
growth_yoy,2019-01-01,p5.1.4,6.64
growth_yoy,2019-01-01,p5.1.4.1,4.733
growth_yoy,2019-01-01,p5.1.4.2,7.105
growth_yoy,2019-01-01,p5.1.4.3,6.123
growth_yoy,2019-01-01,p5.2,8.029
growth_yoy,2019-01-01,p5.2.1,7.005
growth_yoy,2019-01-01,p5.2.1.1,6.563
growth_yoy,2019-01-01,p5.2.1.2,8.25
growth_yoy,2019-01-01,p5.2.1.3,3.442
growth_yoy,2019-01-01,p5.2.2,13.994
growth_yoy,2019-01-01,p5.2.3,8.113
growth_yoy,2019-01-01,p5.3,6.516
growth_yoy,2019-01-01,p5.3.1,3.989
growth_yoy,2019-01-01,p5.3.1.1,4.271
growth_yoy,2019-01-01,p5.3.1.2,2.476
growth_yoy,2019-01-01,p5.3.2,5.935
growth_yoy,2019-01-01,p5.3.2.1,6.209
growth_yoy,2019-01-01,p5.3.2.2,-3.465
growth_yoy,2019-01-01,p5.3.3,8.124
growth_yoy,2019-01-01,p5.3.4,9.847
growth_yoy,2019-01-01,p5.3.4.1,10.667
growth_yoy,2019-01-01,p5.3.4.2,8.055
growth_yoy,2019-01-01,p5.4,6.954
growth_yoy,2019-01-01,p5.4.1,9.079
growth_yoy,2019-01-01,p5.4.2,6.876
growth_yoy,2019-01-01,p5.4.3,5.507
growth_yoy,2019-01-01,p5.4.4,6.216
growth_yoy,2019-01-01,p5.4.5,6.072
growth_yoy,2019-01-01,p5.4.6,8.59
growth_yoy,2019-01-01,p5.5,3.408
growth_yoy,2019-01-01,p5.5.01,-3.28
growth_yoy,2019-01-01,p5.5.02,-1.376
growth_yoy,2019-01-01,p5.5.03,-7.001
growth_yoy,2019-01-01,p5.5.04,11.775
growth_yoy,2019-01-01,p5.5.05,3.323
growth_yoy,2019-01-01,p5.5.06,22.5
growth_yoy,2019-01-01,p5.5.07,6.472
growth_yoy,2019-01-01,p5.5.08,28.182
growth_yoy,2019-01-01,p5.5.09,4.107
growth_yoy,2019-01-01,p5.5.10,-18.354
growth_yoy,2019-01-01,p6,-2.292
growth_yoy,2020-01-01,p0,-6.23
growth_yoy,2020-01-01,p1,5.744
growth_yoy,2020-01-01,p1.1,12.889
growth_yoy,2020-01-01,p1.1.1,-22.082
growth_yoy,2020-01-01,p1.1.2,26.404
growth_yoy,2020-01-01,p1.1.3,1.895
growth_yoy,2020-01-01,p1.1.4,7.052
growth_yoy,2020-01-01,p1.1.5,-3.444
growth_yoy,2020-01-01,p1.1.6,-19.626
growth_yoy,2020-01-01,p1.1.7,1.348
growth_yoy,2020-01-01,p1.2,1.453
growth_yoy,2020-01-01,p1.2.1,4.922
growth_yoy,2020-01-01,p1.2.2,10.413
growth_yoy,2020-01-01,p1.2.3,-7.63
growth_yoy,2020-01-01,p1.3,-17.464
growth_yoy,2020-01-01,p1.4,-13.003
growth_yoy,2020-01-01,p1.4.1,-18.913
growth_yoy,2020-01-01,p1.4.2,-2.894
growth_yoy,2020-01-01,p2,-26.633
growth_yoy,2020-01-01,p2.1,-39.316
growth_yoy,2020-01-01,p2.2,-14.477
growth_yoy,2020-01-01,p2.3,-14.186
growth_yoy,2020-01-01,p3,-2.625
growth_yoy,2020-01-01,p3.1,4.981
growth_yoy,2020-01-01,p3.1.1,13.618
growth_yoy,2020-01-01,p3.1.2,9.717
growth_yoy,2020-01-01,p3.1.3,-14.101
growth_yoy,2020-01-01,p3.1.4,-17.989
growth_yoy,2020-01-01,p3.2,-11.258
growth_yoy,2020-01-01,p3.2.1,-10.974
growth_yoy,2020-01-01,p3.2.2,-13.075
growth_yoy,2020-01-01,p3.3,-9.772
growth_yoy,2020-01-01,p3.3.1,-14.987
growth_yoy,2020-01-01,p3.3.2,-3.59
growth_yoy,2020-01-01,p3.3.3,-7.255
growth_yoy,2020-01-01,p3.4,-3.284
growth_yoy,2020-01-01,p3.4.1,-11.293
growth_yoy,2020-01-01,p3.4.2,-8.407
growth_yoy,2020-01-01,p3.4.3,56.631
growth_yoy,2020-01-01,p3.4.4,0.672
growth_yoy,2020-01-01,p3.5,-15
growth_yoy,2020-01-01,p3.5.1,-20.035
growth_yoy,2020-01-01,p3.5.2,-3.86
growth_yoy,2020-01-01,p3.5.3,-17.375
growth_yoy,2020-01-01,p3.6,4.102
growth_yoy,2020-01-01,p3.6.1,-2.486
growth_yoy,2020-01-01,p3.6.2,6.452
growth_yoy,2020-01-01,p3.6.3,4.594
growth_yoy,2020-01-01,p3.6.4,5.692
growth_yoy,2020-01-01,p3.6.5,-5.39
growth_yoy,2020-01-01,p3.7,-7.329
growth_yoy,2020-01-01,p3.7.1,-7.377
growth_yoy,2020-01-01,p3.7.2,-5.703
growth_yoy,2020-01-01,p3.7.3,-8.81
growth_yoy,2020-01-01,p4,-18.87
growth_yoy,2020-01-01,p4.1,-15.756
growth_yoy,2020-01-01,p4.1.1,-16.042
growth_yoy,2020-01-01,p4.1.2,-15.45
growth_yoy,2020-01-01,p4.2,-27.049
growth_yoy,2020-01-01,p4.3,-8.785
growth_yoy,2020-01-01,p5,-4.931
growth_yoy,2020-01-01,p5.1,-3.859
growth_yoy,2020-01-01,p5.1.1,-3.391
growth_yoy,2020-01-01,p5.1.2,8.823
growth_yoy,2020-01-01,p5.1.3,-20.53
growth_yoy,2020-01-01,p5.1.3.1,-25.727
growth_yoy,2020-01-01,p5.1.3.2,-8.78
growth_yoy,2020-01-01,p5.1.3.3,-65.922
growth_yoy,2020-01-01,p5.1.3.4,-9.485
growth_yoy,2020-01-01,p5.1.3.5,-13.91
growth_yoy,2020-01-01,p5.1.3.6,-14.753
growth_yoy,2020-01-01,p5.1.3.7,18.567
growth_yoy,2020-01-01,p5.1.4,5.836
growth_yoy,2020-01-01,p5.1.4.1,-10.56
growth_yoy,2020-01-01,p5.1.4.2,9.053
growth_yoy,2020-01-01,p5.1.4.3,3.461
growth_yoy,2020-01-01,p5.2,-8.725
growth_yoy,2020-01-01,p5.2.1,-5.251
growth_yoy,2020-01-01,p5.2.1.1,-5.107
growth_yoy,2020-01-01,p5.2.1.2,-4.353
growth_yoy,2020-01-01,p5.2.1.3,-9.983
growth_yoy,2020-01-01,p5.2.2,-18.327
growth_yoy,2020-01-01,p5.2.3,-50.275
growth_yoy,2020-01-01,p5.3,-4.548
growth_yoy,2020-01-01,p5.3.1,2.022
growth_yoy,2020-01-01,p5.3.1.1,0.083
growth_yoy,2020-01-01,p5.3.1.2,12.619
growth_yoy,2020-01-01,p5.3.2,4.901
growth_yoy,2020-01-01,p5.3.2.1,5.246
growth_yoy,2020-01-01,p5.3.2.2,-8.157
growth_yoy,2020-01-01,p5.3.3,-16.304
growth_yoy,2020-01-01,p5.3.4,-12.865
growth_yoy,2020-01-01,p5.3.4.1,-7.684
growth_yoy,2020-01-01,p5.3.4.2,-24.464
growth_yoy,2020-01-01,p5.4,-8.827
growth_yoy,2020-01-01,p5.4.1,-3.314
growth_yoy,2020-01-01,p5.4.2,-5.77
growth_yoy,2020-01-01,p5.4.3,4.409
growth_yoy,2020-01-01,p5.4.4,22.137
growth_yoy,2020-01-01,p5.4.5,-9.793
growth_yoy,2020-01-01,p5.4.6,-41.887
growth_yoy,2020-01-01,p5.5,4.959
growth_yoy,2020-01-01,p5.5.01,-14.699
growth_yoy,2020-01-01,p5.5.02,4.447
growth_yoy,2020-01-01,p5.5.03,5.116
growth_yoy,2020-01-01,p5.5.04,9.762
growth_yoy,2020-01-01,p5.5.05,26.608
growth_yoy,2020-01-01,p5.5.06,31.995
growth_yoy,2020-01-01,p5.5.07,11.342
growth_yoy,2020-01-01,p5.5.08,2.926
growth_yoy,2020-01-01,p5.5.09,3.182
growth_yoy,2020-01-01,p5.5.10,58.607
growth_yoy,2020-01-01,p6,-7.612
growth_yoy,2021-01-01,p0,9.179
growth_yoy,2021-01-01,p1,27.9
growth_yoy,2021-01-01,p1.1,37.408
growth_yoy,2021-01-01,p1.1.1,20.656
growth_yoy,2021-01-01,p1.1.2,54.196
growth_yoy,2021-01-01,p1.1.3,3.154
growth_yoy,2021-01-01,p1.1.4,11.421
growth_yoy,2021-01-01,p1.1.5,2.819
growth_yoy,2021-01-01,p1.1.6,5.317
growth_yoy,2021-01-01,p1.1.7,2.128
growth_yoy,2021-01-01,p1.2,9.534
growth_yoy,2021-01-01,p1.2.1,11.44
growth_yoy,2021-01-01,p1.2.2,8.53
growth_yoy,2021-01-01,p1.2.3,5.561
growth_yoy,2021-01-01,p1.3,5.959
growth_yoy,2021-01-01,p1.4,2.488
growth_yoy,2021-01-01,p1.4.1,5.877
growth_yoy,2021-01-01,p1.4.2,-2.352
growth_yoy,2021-01-01,p2,29.305
growth_yoy,2021-01-01,p2.1,41.819
growth_yoy,2021-01-01,p2.2,24.854
growth_yoy,2021-01-01,p2.3,-0.455
growth_yoy,2021-01-01,p3,14.734
growth_yoy,2021-01-01,p3.1,14.496
growth_yoy,2021-01-01,p3.1.1,16.593
growth_yoy,2021-01-01,p3.1.2,17.758
growth_yoy,2021-01-01,p3.1.3,12.749
growth_yoy,2021-01-01,p3.1.4,-12.231
growth_yoy,2021-01-01,p3.2,9.128
growth_yoy,2021-01-01,p3.2.1,7.928
growth_yoy,2021-01-01,p3.2.2,16.992
growth_yoy,2021-01-01,p3.3,11.496
growth_yoy,2021-01-01,p3.3.1,11.494
growth_yoy,2021-01-01,p3.3.2,20.468
growth_yoy,2021-01-01,p3.3.3,0.687
growth_yoy,2021-01-01,p3.4,25.101
growth_yoy,2021-01-01,p3.4.1,29.986
growth_yoy,2021-01-01,p3.4.2,19.705
growth_yoy,2021-01-01,p3.4.3,31.288
growth_yoy,2021-01-01,p3.4.4,13.558
growth_yoy,2021-01-01,p3.5,7.038
growth_yoy,2021-01-01,p3.5.1,0.13
growth_yoy,2021-01-01,p3.5.2,12.55
growth_yoy,2021-01-01,p3.5.3,8.431
growth_yoy,2021-01-01,p3.6,12.017
growth_yoy,2021-01-01,p3.6.1,10.081
growth_yoy,2021-01-01,p3.6.2,8.926
growth_yoy,2021-01-01,p3.6.3,16.258
growth_yoy,2021-01-01,p3.6.4,12.192
growth_yoy,2021-01-01,p3.6.5,11.139
growth_yoy,2021-01-01,p3.7,1.915
growth_yoy,2021-01-01,p3.7.1,3.586
growth_yoy,2021-01-01,p3.7.2,-4.308
growth_yoy,2021-01-01,p3.7.3,-0.211
growth_yoy,2021-01-01,p4,-3.474
growth_yoy,2021-01-01,p4.1,-5.33
growth_yoy,2021-01-01,p4.1.1,-10.75
growth_yoy,2021-01-01,p4.1.2,0.429
growth_yoy,2021-01-01,p4.2,-16.424
growth_yoy,2021-01-01,p4.3,22.927
growth_yoy,2021-01-01,p5,2.932
growth_yoy,2021-01-01,p5.1,4.354
growth_yoy,2021-01-01,p5.1.1,1.421
growth_yoy,2021-01-01,p5.1.2,8.46
growth_yoy,2021-01-01,p5.1.3,2.173
growth_yoy,2021-01-01,p5.1.3.1,4.508
growth_yoy,2021-01-01,p5.1.3.2,4.066
growth_yoy,2021-01-01,p5.1.3.3,-39.846
growth_yoy,2021-01-01,p5.1.3.4,5.124
growth_yoy,2021-01-01,p5.1.3.5,-3.505
growth_yoy,2021-01-01,p5.1.3.6,8.042
growth_yoy,2021-01-01,p5.1.3.7,13.353
growth_yoy,2021-01-01,p5.1.4,6.051
growth_yoy,2021-01-01,p5.1.4.1,-0.654
growth_yoy,2021-01-01,p5.1.4.2,7.983
growth_yoy,2021-01-01,p5.1.4.3,2.531
growth_yoy,2021-01-01,p5.2,2.174
growth_yoy,2021-01-01,p5.2.1,3.943
growth_yoy,2021-01-01,p5.2.1.1,5.847
growth_yoy,2021-01-01,p5.2.1.2,4.8
growth_yoy,2021-01-01,p5.2.1.3,-9.013
growth_yoy,2021-01-01,p5.2.2,-5.474
growth_yoy,2021-01-01,p5.2.3,-23.878
growth_yoy,2021-01-01,p5.3,2.844
growth_yoy,2021-01-01,p5.3.1,9.371
growth_yoy,2021-01-01,p5.3.1.1,10.736
growth_yoy,2021-01-01,p5.3.1.2,2.736
growth_yoy,2021-01-01,p5.3.2,13.092
growth_yoy,2021-01-01,p5.3.2.1,13.276
growth_yoy,2021-01-01,p5.3.2.2,4.796
growth_yoy,2021-01-01,p5.3.3,-12.357
growth_yoy,2021-01-01,p5.3.4,-7.032
growth_yoy,2021-01-01,p5.3.4.1,-4.639
growth_yoy,2021-01-01,p5.3.4.2,-13.578
growth_yoy,2021-01-01,p5.4,-2.066
growth_yoy,2021-01-01,p5.4.1,9.337
growth_yoy,2021-01-01,p5.4.2,-2.731
growth_yoy,2021-01-01,p5.4.3,2.136
growth_yoy,2021-01-01,p5.4.4,10
growth_yoy,2021-01-01,p5.4.5,-12.462
growth_yoy,2021-01-01,p5.4.6,-28.633
growth_yoy,2021-01-01,p5.5,5.427
growth_yoy,2021-01-01,p5.5.01,26.76
growth_yoy,2021-01-01,p5.5.02,1.121
growth_yoy,2021-01-01,p5.5.03,5.229
growth_yoy,2021-01-01,p5.5.04,0.143
growth_yoy,2021-01-01,p5.5.05,11.316
growth_yoy,2021-01-01,p5.5.06,-5.212
growth_yoy,2021-01-01,p5.5.07,9.495
growth_yoy,2021-01-01,p5.5.08,15.289
growth_yoy,2021-01-01,p5.5.09,2.931
growth_yoy,2021-01-01,p5.5.10,-21.385
growth_yoy,2021-01-01,p6,8.048
growth_yoy,2022-01-01,p0,15.833
growth_yoy,2022-01-01,p1,8.38
growth_yoy,2022-01-01,p1.1,8.936
growth_yoy,2022-01-01,p1.1.1,-22.144
growth_yoy,2022-01-01,p1.1.2,12.877
growth_yoy,2022-01-01,p1.1.3,-7.017
growth_yoy,2022-01-01,p1.1.4,3.222
growth_yoy,2022-01-01,p1.1.5,-4.197
growth_yoy,2022-01-01,p1.1.6,6.129
growth_yoy,2022-01-01,p1.1.7,4.861
growth_yoy,2022-01-01,p1.2,4.368
growth_yoy,2022-01-01,p1.2.1,3.141
growth_yoy,2022-01-01,p1.2.2,3.77
growth_yoy,2022-01-01,p1.2.3,7.479
growth_yoy,2022-01-01,p1.3,9.478
growth_yoy,2022-01-01,p1.4,9.027
growth_yoy,2022-01-01,p1.4.1,6.919
growth_yoy,2022-01-01,p1.4.2,12.292
growth_yoy,2022-01-01,p2,43.492
growth_yoy,2022-01-01,p2.1,43.085
growth_yoy,2022-01-01,p2.2,47.928
growth_yoy,2022-01-01,p2.3,17.085
growth_yoy,2022-01-01,p3,15.674
growth_yoy,2022-01-01,p3.1,16.494
growth_yoy,2022-01-01,p3.1.1,11.668
growth_yoy,2022-01-01,p3.1.2,19.67
growth_yoy,2022-01-01,p3.1.3,13.541
growth_yoy,2022-01-01,p3.1.4,23.071
growth_yoy,2022-01-01,p3.2,11.795
growth_yoy,2022-01-01,p3.2.1,9.945
growth_yoy,2022-01-01,p3.2.2,22.976
growth_yoy,2022-01-01,p3.3,13.44
growth_yoy,2022-01-01,p3.3.1,16.148
growth_yoy,2022-01-01,p3.3.2,14.778
growth_yoy,2022-01-01,p3.3.3,6.405
growth_yoy,2022-01-01,p3.4,12.766
growth_yoy,2022-01-01,p3.4.1,26.218
growth_yoy,2022-01-01,p3.4.2,9.929
growth_yoy,2022-01-01,p3.4.3,-19.553
growth_yoy,2022-01-01,p3.4.4,7.253
growth_yoy,2022-01-01,p3.5,13.669
growth_yoy,2022-01-01,p3.5.1,12.481
growth_yoy,2022-01-01,p3.5.2,15.695
growth_yoy,2022-01-01,p3.5.3,13.114
growth_yoy,2022-01-01,p3.6,19.402
growth_yoy,2022-01-01,p3.6.1,7.646
growth_yoy,2022-01-01,p3.6.2,-0.847
growth_yoy,2022-01-01,p3.6.3,24.142
growth_yoy,2022-01-01,p3.6.4,22.897
growth_yoy,2022-01-01,p3.6.5,13.715
growth_yoy,2022-01-01,p3.7,17.721
growth_yoy,2022-01-01,p3.7.1,20.162
growth_yoy,2022-01-01,p3.7.2,11.666
growth_yoy,2022-01-01,p3.7.3,10.502
growth_yoy,2022-01-01,p4,9.264
growth_yoy,2022-01-01,p4.1,12.307
growth_yoy,2022-01-01,p4.1.1,2.546
growth_yoy,2022-01-01,p4.1.2,21.525
growth_yoy,2022-01-01,p4.2,4.346
growth_yoy,2022-01-01,p4.3,9.804
growth_yoy,2022-01-01,p5,13.668
growth_yoy,2022-01-01,p5.1,11.51
growth_yoy,2022-01-01,p5.1.1,3.834
growth_yoy,2022-01-01,p5.1.2,5.629
growth_yoy,2022-01-01,p5.1.3,31.019
growth_yoy,2022-01-01,p5.1.3.1,38.692
growth_yoy,2022-01-01,p5.1.3.2,12.925
growth_yoy,2022-01-01,p5.1.3.3,152.137
growth_yoy,2022-01-01,p5.1.3.4,27.98
growth_yoy,2022-01-01,p5.1.3.5,33.81
growth_yoy,2022-01-01,p5.1.3.6,23.842
growth_yoy,2022-01-01,p5.1.3.7,9.831
growth_yoy,2022-01-01,p5.1.4,5.255
growth_yoy,2022-01-01,p5.1.4.1,13.215
growth_yoy,2022-01-01,p5.1.4.2,4.048
growth_yoy,2022-01-01,p5.1.4.3,6.31
growth_yoy,2022-01-01,p5.2,22.138
growth_yoy,2022-01-01,p5.2.1,19.548
growth_yoy,2022-01-01,p5.2.1.1,10.747
growth_yoy,2022-01-01,p5.2.1.2,23.33
growth_yoy,2022-01-01,p5.2.1.3,45.672
growth_yoy,2022-01-01,p5.2.2,27.699
growth_yoy,2022-01-01,p5.2.3,134.806
growth_yoy,2022-01-01,p5.3,9.564
growth_yoy,2022-01-01,p5.3.1,3.924
growth_yoy,2022-01-01,p5.3.1.1,5.311
growth_yoy,2022-01-01,p5.3.1.2,-3.325
growth_yoy,2022-01-01,p5.3.2,-3.904
growth_yoy,2022-01-01,p5.3.2.1,-4.251
growth_yoy,2022-01-01,p5.3.2.2,12.542
growth_yoy,2022-01-01,p5.3.3,31.412
growth_yoy,2022-01-01,p5.3.4,20.701
growth_yoy,2022-01-01,p5.3.4.1,18.025
growth_yoy,2022-01-01,p5.3.4.2,28.78
growth_yoy,2022-01-01,p5.4,11.565
growth_yoy,2022-01-01,p5.4.1,10.111
growth_yoy,2022-01-01,p5.4.2,8.632
growth_yoy,2022-01-01,p5.4.3,1.997
growth_yoy,2022-01-01,p5.4.4,17.235
growth_yoy,2022-01-01,p5.4.5,1.834
growth_yoy,2022-01-01,p5.4.6,69.036
growth_yoy,2022-01-01,p5.5,4.527
growth_yoy,2022-01-01,p5.5.01,39.432
growth_yoy,2022-01-01,p5.5.02,0.944
growth_yoy,2022-01-01,p5.5.03,-0.697
growth_yoy,2022-01-01,p5.5.04,7.788
growth_yoy,2022-01-01,p5.5.05,-7.054
growth_yoy,2022-01-01,p5.5.06,-4.815
growth_yoy,2022-01-01,p5.5.07,-6.083
growth_yoy,2022-01-01,p5.5.08,6.612
growth_yoy,2022-01-01,p5.5.09,-0.085
growth_yoy,2022-01-01,p5.5.10,-5.359
growth_yoy,2022-01-01,p6,10.509
growth_yoy,2023-01-01,p0,1.617
growth_yoy,2023-01-01,p1,-11.607
growth_yoy,2023-01-01,p1.1,-16.739
growth_yoy,2023-01-01,p1.1.1,-14.098
growth_yoy,2023-01-01,p1.1.2,-23.474
growth_yoy,2023-01-01,p1.1.3,-0.717
growth_yoy,2023-01-01,p1.1.4,4.753
growth_yoy,2023-01-01,p1.1.5,3.914
growth_yoy,2023-01-01,p1.1.6,1.549
growth_yoy,2023-01-01,p1.1.7,2.235
growth_yoy,2023-01-01,p1.2,4.922
growth_yoy,2023-01-01,p1.2.1,4.388
growth_yoy,2023-01-01,p1.2.2,9.483
growth_yoy,2023-01-01,p1.2.3,4.812
growth_yoy,2023-01-01,p1.3,-0.539
growth_yoy,2023-01-01,p1.4,3.781
growth_yoy,2023-01-01,p1.4.1,4.665
growth_yoy,2023-01-01,p1.4.2,2.478
growth_yoy,2023-01-01,p2,-12.585
growth_yoy,2023-01-01,p2.1,-17.113
growth_yoy,2023-01-01,p2.2,-10.843
growth_yoy,2023-01-01,p2.3,6.39
growth_yoy,2023-01-01,p3,0.25
growth_yoy,2023-01-01,p3.1,0.512
growth_yoy,2023-01-01,p3.1.1,-15.748
growth_yoy,2023-01-01,p3.1.2,8.781
growth_yoy,2023-01-01,p3.1.3,2.088
growth_yoy,2023-01-01,p3.1.4,15.453
growth_yoy,2023-01-01,p3.2,3.023
growth_yoy,2023-01-01,p3.2.1,1.845
growth_yoy,2023-01-01,p3.2.2,9.39
growth_yoy,2023-01-01,p3.3,0.749
growth_yoy,2023-01-01,p3.3.1,-3.526
growth_yoy,2023-01-01,p3.3.2,3.826
growth_yoy,2023-01-01,p3.3.3,4.761
growth_yoy,2023-01-01,p3.4,-5.213
growth_yoy,2023-01-01,p3.4.1,-8.587
growth_yoy,2023-01-01,p3.4.2,0.558
growth_yoy,2023-01-01,p3.4.3,-8.869
growth_yoy,2023-01-01,p3.4.4,-1.22
growth_yoy,2023-01-01,p3.5,6.318
growth_yoy,2023-01-01,p3.5.1,5.766
growth_yoy,2023-01-01,p3.5.2,2.937
growth_yoy,2023-01-01,p3.5.3,8.942
growth_yoy,2023-01-01,p3.6,2.219
growth_yoy,2023-01-01,p3.6.1,-4.311
growth_yoy,2023-01-01,p3.6.2,6.587
growth_yoy,2023-01-01,p3.6.3,4.019
growth_yoy,2023-01-01,p3.6.4,2.051
growth_yoy,2023-01-01,p3.6.5,9.251
growth_yoy,2023-01-01,p3.7,5.982
growth_yoy,2023-01-01,p3.7.1,7.255
growth_yoy,2023-01-01,p3.7.2,-1.549
growth_yoy,2023-01-01,p3.7.3,6.3
growth_yoy,2023-01-01,p4,8.451
growth_yoy,2023-01-01,p4.1,3.488
growth_yoy,2023-01-01,p4.1.1,5.048
growth_yoy,2023-01-01,p4.1.2,2.246
growth_yoy,2023-01-01,p4.2,15.549
growth_yoy,2023-01-01,p4.3,9.272
growth_yoy,2023-01-01,p5,6.505
growth_yoy,2023-01-01,p5.1,7.194
growth_yoy,2023-01-01,p5.1.1,2.859
growth_yoy,2023-01-01,p5.1.2,6.578
growth_yoy,2023-01-01,p5.1.3,15.152
growth_yoy,2023-01-01,p5.1.3.1,16.646
growth_yoy,2023-01-01,p5.1.3.2,12.252
growth_yoy,2023-01-01,p5.1.3.3,43.701
growth_yoy,2023-01-01,p5.1.3.4,11.588
growth_yoy,2023-01-01,p5.1.3.5,15.364
growth_yoy,2023-01-01,p5.1.3.6,10.934
growth_yoy,2023-01-01,p5.1.3.7,8.899
growth_yoy,2023-01-01,p5.1.4,3.901
growth_yoy,2023-01-01,p5.1.4.1,9.077
growth_yoy,2023-01-01,p5.1.4.2,3.317
growth_yoy,2023-01-01,p5.1.4.3,3.751
growth_yoy,2023-01-01,p5.2,8.31
growth_yoy,2023-01-01,p5.2.1,7.647
growth_yoy,2023-01-01,p5.2.1.1,5.342
growth_yoy,2023-01-01,p5.2.1.2,8.345
growth_yoy,2023-01-01,p5.2.1.3,13.761
growth_yoy,2023-01-01,p5.2.2,7.939
growth_yoy,2023-01-01,p5.2.3,31.281
growth_yoy,2023-01-01,p5.3,2.749
growth_yoy,2023-01-01,p5.3.1,0.17
growth_yoy,2023-01-01,p5.3.1.1,-1.807
growth_yoy,2023-01-01,p5.3.1.2,11.436
growth_yoy,2023-01-01,p5.3.2,-6.522
growth_yoy,2023-01-01,p5.3.2.1,-6.437
growth_yoy,2023-01-01,p5.3.2.2,-9.94
growth_yoy,2023-01-01,p5.3.3,4.902
growth_yoy,2023-01-01,p5.3.4,11.388
growth_yoy,2023-01-01,p5.3.4.1,9.844
growth_yoy,2023-01-01,p5.3.4.2,15.658
growth_yoy,2023-01-01,p5.4,7.433
growth_yoy,2023-01-01,p5.4.1,9.855
growth_yoy,2023-01-01,p5.4.2,8.444
growth_yoy,2023-01-01,p5.4.3,3.871
growth_yoy,2023-01-01,p5.4.4,8.562
growth_yoy,2023-01-01,p5.4.5,11.921
growth_yoy,2023-01-01,p5.4.6,13.983
growth_yoy,2023-01-01,p5.5,5.31
growth_yoy,2023-01-01,p5.5.01,8.165
growth_yoy,2023-01-01,p5.5.02,5.328
growth_yoy,2023-01-01,p5.5.03,6.316
growth_yoy,2023-01-01,p5.5.04,2.558
growth_yoy,2023-01-01,p5.5.05,-5.357
growth_yoy,2023-01-01,p5.5.06,7.684
growth_yoy,2023-01-01,p5.5.07,11.224
growth_yoy,2023-01-01,p5.5.08,-0.771
growth_yoy,2023-01-01,p5.5.09,2.405
growth_yoy,2023-01-01,p5.5.10,13.292
growth_yoy,2023-01-01,p6,8.904